CREATE DATABASE IF NOT EXISTS terra_db;

USE terra_db;

-- TERRA Database

-- 1. ROLES - Defines user roles in the app.
CREATE TABLE IF NOT EXISTS roles (
    role_id INT NOT NULL AUTO_INCREMENT,
    role_name VARCHAR(50) NOT NULL UNIQUE,
    description VARCHAR(255),
    created_at DATETIME NOT NULL DEFAULT CURRENT_TIMESTAMP,
    updated_at DATETIME NOT NULL DEFAULT CURRENT_TIMESTAMP
        ON UPDATE CURRENT_TIMESTAMP,
    PRIMARY KEY (role_id)
);

-- 2. USERS - App users.
CREATE TABLE IF NOT EXISTS users (
    user_id INT NOT NULL AUTO_INCREMENT,
    role_id INT NOT NULL,
    email VARCHAR(150) NOT NULL UNIQUE,
    display_name VARCHAR(100),
    password_hash VARCHAR(255),
    is_active BOOLEAN NOT NULL DEFAULT TRUE,
    created_at DATETIME NOT NULL DEFAULT CURRENT_TIMESTAMP,
    updated_at DATETIME NOT NULL DEFAULT CURRENT_TIMESTAMP
        ON UPDATE CURRENT_TIMESTAMP,
    created_by INT,
    updated_by INT,
    PRIMARY KEY (user_id),
    FOREIGN KEY (role_id)     REFERENCES roles(role_id)      ON DELETE RESTRICT  ON UPDATE CASCADE,
    FOREIGN KEY (created_by)  REFERENCES users(user_id)      ON DELETE SET NULL  ON UPDATE CASCADE,
    FOREIGN KEY (updated_by)  REFERENCES users(user_id)      ON DELETE SET NULL  ON UPDATE CASCADE
);


-- 3. COUNTRY - Central entity
CREATE TABLE IF NOT EXISTS country (
    country_id INT NOT NULL AUTO_INCREMENT,
    country_name VARCHAR(100) NOT NULL,
    country_code CHAR(2) NOT NULL UNIQUE,
    region VARCHAR(100),
    population INT,
    created_at DATETIME NOT NULL DEFAULT CURRENT_TIMESTAMP,
    updated_at DATETIME NOT NULL DEFAULT CURRENT_TIMESTAMP
        ON UPDATE CURRENT_TIMESTAMP,
    created_by INT,
    updated_by INT,
    PRIMARY KEY (country_id),
    FOREIGN KEY (created_by)  REFERENCES users(user_id)      ON DELETE SET NULL  ON UPDATE CASCADE,
    FOREIGN KEY (updated_by)  REFERENCES users(user_id)      ON DELETE SET NULL  ON UPDATE CASCADE
);

-- 4. COUNTRY_YEAR_DATA
-- Cleaned yearly data used by the app and ML models.
CREATE TABLE IF NOT EXISTS country_year_data (
    data_id INT NOT NULL AUTO_INCREMENT,
    country_id INT NOT NULL,
    year INT NOT NULL,

    gdp_per_capita DECIMAL(12,2),
    unemployment_rate DECIMAL(5,2),
    population INT,
    urban_pct DECIMAL(6,3),

    asylum_applications INT,

    temp_mean DECIMAL(5,2),
    heatwave_days INT,
    precip_total DECIMAL(10,2),
    precip_days_heavy INT,
    dry_days INT,
    evapotrans_total DECIMAL(10,2),

    created_at DATETIME NOT NULL DEFAULT CURRENT_TIMESTAMP,
    updated_at DATETIME NOT NULL DEFAULT CURRENT_TIMESTAMP
        ON UPDATE CURRENT_TIMESTAMP,
    created_by INT,
    updated_by INT,

    PRIMARY KEY (data_id),
    UNIQUE KEY uq_country_year (country_id, year),
    FOREIGN KEY (country_id)  REFERENCES country(country_id) ON DELETE CASCADE   ON UPDATE CASCADE,
    FOREIGN KEY (created_by)  REFERENCES users(user_id)      ON DELETE SET NULL  ON UPDATE CASCADE,
    FOREIGN KEY (updated_by)  REFERENCES users(user_id)      ON DELETE SET NULL  ON UPDATE CASCADE
);

-- 5. CLIMATE_EVENT
CREATE TABLE IF NOT EXISTS climate_event (
    event_id INT NOT NULL AUTO_INCREMENT,
    country_id INT NOT NULL,
    event_type VARCHAR(100),
    event_date DATE,
    severity VARCHAR(50),
    event_description TEXT,
    created_at DATETIME NOT NULL DEFAULT CURRENT_TIMESTAMP,
    updated_at DATETIME NOT NULL DEFAULT CURRENT_TIMESTAMP
        ON UPDATE CURRENT_TIMESTAMP,
    created_by INT,
    updated_by INT,
    PRIMARY KEY (event_id),
    FOREIGN KEY (country_id)  REFERENCES country(country_id) ON DELETE CASCADE   ON UPDATE CASCADE,
    FOREIGN KEY (created_by)  REFERENCES users(user_id)      ON DELETE SET NULL  ON UPDATE CASCADE,
    FOREIGN KEY (updated_by)  REFERENCES users(user_id)      ON DELETE SET NULL  ON UPDATE CASCADE
);

-- 6. RISK_ASSESSMENT - Country risk scores. Used by Gabriel, Diana, and Mohammed.
CREATE TABLE IF NOT EXISTS risk_assessment (
    risk_id INT NOT NULL AUTO_INCREMENT,
    country_id INT NOT NULL,
    year INT NOT NULL,
    risk_score DECIMAL(5,2),
    risk_level VARCHAR(50),
    label_method VARCHAR(150),
    notes TEXT,
    created_at DATETIME NOT NULL DEFAULT CURRENT_TIMESTAMP,
    updated_at DATETIME NOT NULL DEFAULT CURRENT_TIMESTAMP
        ON UPDATE CURRENT_TIMESTAMP,
    created_by INT,
    updated_by INT,
    PRIMARY KEY (risk_id),
    UNIQUE KEY uq_risk_country_year (country_id, year),
    FOREIGN KEY (country_id)  REFERENCES country(country_id) ON DELETE CASCADE   ON UPDATE CASCADE,
    FOREIGN KEY (created_by)  REFERENCES users(user_id)      ON DELETE SET NULL  ON UPDATE CASCADE,
    FOREIGN KEY (updated_by)  REFERENCES users(user_id)      ON DELETE SET NULL  ON UPDATE CASCADE
);


-- 7. POLICIES - Gabriel's policy analysis work.
CREATE TABLE IF NOT EXISTS policies (
    policy_id INT NOT NULL AUTO_INCREMENT,
    country_id INT NOT NULL,
    name VARCHAR(150),
    policy_type VARCHAR(100),
    status VARCHAR(50),
    description TEXT,
    created_at DATETIME NOT NULL DEFAULT CURRENT_TIMESTAMP,
    updated_at DATETIME NOT NULL DEFAULT CURRENT_TIMESTAMP
        ON UPDATE CURRENT_TIMESTAMP,
    created_by INT,
    updated_by INT,
    PRIMARY KEY (policy_id),
    FOREIGN KEY (country_id)  REFERENCES country(country_id) ON DELETE CASCADE   ON UPDATE CASCADE,
    FOREIGN KEY (created_by)  REFERENCES users(user_id)      ON DELETE SET NULL  ON UPDATE CASCADE,
    FOREIGN KEY (updated_by)  REFERENCES users(user_id)      ON DELETE SET NULL  ON UPDATE CASCADE
);


-- 8. POLICY_FLAG - Supports Gabriel flagging countries for policy review.
CREATE TABLE IF NOT EXISTS policy_flag (
    flag_id INT NOT NULL AUTO_INCREMENT,
    country_id INT NOT NULL,
    user_id INT NOT NULL,
    flag_status VARCHAR(50) NOT NULL,
    flag_note TEXT,
    created_at DATETIME NOT NULL DEFAULT CURRENT_TIMESTAMP,
    updated_at DATETIME NOT NULL DEFAULT CURRENT_TIMESTAMP
        ON UPDATE CURRENT_TIMESTAMP,
    PRIMARY KEY (flag_id),
    FOREIGN KEY (country_id)  REFERENCES country(country_id) ON DELETE CASCADE   ON UPDATE CASCADE,
    FOREIGN KEY (user_id)     REFERENCES users(user_id)      ON DELETE CASCADE   ON UPDATE CASCADE
);

-- 9. SAVED_VIEWS - Saved country comparison views for Gabriel.
CREATE TABLE IF NOT EXISTS saved_views (
    view_id INT NOT NULL AUTO_INCREMENT,
    user_id INT NOT NULL,
    view_name VARCHAR(150) NOT NULL,
    year_from INT,
    year_to INT,
    created_at DATETIME NOT NULL DEFAULT CURRENT_TIMESTAMP,
    updated_at DATETIME NOT NULL DEFAULT CURRENT_TIMESTAMP
        ON UPDATE CURRENT_TIMESTAMP,
    PRIMARY KEY (view_id),
    FOREIGN KEY (user_id)     REFERENCES users(user_id)      ON DELETE CASCADE   ON UPDATE CASCADE
);

-- 10. SAVED_VIEW_COUNTRY - Table for saved views and countries.
CREATE TABLE IF NOT EXISTS saved_view_country (
    view_id INT NOT NULL,
    country_id INT NOT NULL,
    PRIMARY KEY (view_id, country_id),
    FOREIGN KEY (view_id)     REFERENCES saved_views(view_id) ON DELETE CASCADE  ON UPDATE CASCADE,
    FOREIGN KEY (country_id)  REFERENCES country(country_id)  ON DELETE CASCADE  ON UPDATE CASCADE
);

-- 11. NGO - Non-Governmental Organizations for Diana.
CREATE TABLE IF NOT EXISTS ngo (
    ngo_id INT NOT NULL AUTO_INCREMENT,
    ngo_name VARCHAR(150) NOT NULL,
    focus_area VARCHAR(100),
    contact_email VARCHAR(150),
    website VARCHAR(200),
    created_at DATETIME NOT NULL DEFAULT CURRENT_TIMESTAMP,
    updated_at DATETIME NOT NULL DEFAULT CURRENT_TIMESTAMP
        ON UPDATE CURRENT_TIMESTAMP,
    created_by INT,
    updated_by INT,
    PRIMARY KEY (ngo_id),
    FOREIGN KEY (created_by)  REFERENCES users(user_id)      ON DELETE SET NULL  ON UPDATE CASCADE,
    FOREIGN KEY (updated_by)  REFERENCES users(user_id)      ON DELETE SET NULL  ON UPDATE CASCADE
);

-- 12. NGO_COUNTRY - One NGO can operate in multiple countries. One country can have multiple NGOs.
CREATE TABLE IF NOT EXISTS ngo_country (
    ngo_id INT NOT NULL,
    country_id INT NOT NULL,
    operating_status VARCHAR(50) DEFAULT 'Active',
    support_notes TEXT,
    PRIMARY KEY (ngo_id, country_id),
    FOREIGN KEY (ngo_id)      REFERENCES ngo(ngo_id)         ON DELETE CASCADE   ON UPDATE CASCADE,
    FOREIGN KEY (country_id)  REFERENCES country(country_id) ON DELETE CASCADE   ON UPDATE CASCADE
);

-- 13. WATCHLIST - Countries Mohammed wants to follow.
CREATE TABLE IF NOT EXISTS watchlist (
    watchlist_id INT NOT NULL AUTO_INCREMENT,
    user_id INT NOT NULL,
    country_id INT NOT NULL,
    added_at DATETIME NOT NULL DEFAULT CURRENT_TIMESTAMP,
    PRIMARY KEY (watchlist_id),
    UNIQUE KEY uq_watchlist_user_country (user_id, country_id),
    FOREIGN KEY (user_id)     REFERENCES users(user_id)      ON DELETE CASCADE   ON UPDATE CASCADE,
    FOREIGN KEY (country_id)  REFERENCES country(country_id) ON DELETE CASCADE   ON UPDATE CASCADE
);

-- 14. COUNTRY_SUMMARY_REPORT - Stores exported country summaries for Diana.
CREATE TABLE IF NOT EXISTS country_summary_report (
    report_id INT NOT NULL AUTO_INCREMENT,
    country_id INT NOT NULL,
    user_id INT NOT NULL,
    report_title VARCHAR(150),
    report_text TEXT,
    export_format VARCHAR(20),
    generated_at DATETIME NOT NULL DEFAULT CURRENT_TIMESTAMP,
    PRIMARY KEY (report_id),
    FOREIGN KEY (country_id)  REFERENCES country(country_id) ON DELETE CASCADE   ON UPDATE CASCADE,
    FOREIGN KEY (user_id)     REFERENCES users(user_id)      ON DELETE CASCADE   ON UPDATE CASCADE
);

-- ============================================================
-- SEED DATA + ML MODEL PARAMETERS
-- Merged in from the former auto-generated 02_terra_db.sql so that
-- terra_db has a single authoritative schema (this file). Source data:
-- datasets/processed/merged_data.csv; Model 1 params: post-VIF linear
-- regression (see api/backend/ml_models/terra_model_1.py).
-- ============================================================

-- ROLES & USERS -- seed personas so saved_views FK is satisfied
INSERT INTO roles (role_id, role_name, description) VALUES
    (1, 'policy_analyst',          'Political analyst persona (Gabriel)'),
    (2, 'humanitarian_coordinator','Humanitarian coordinator persona (Diana)'),
    (3, 'student_user',            'Climate-displaced student persona (Mohammed)'),
    (4, 'administrator',           'System administrator');

INSERT INTO users (user_id, role_id, email, display_name) VALUES
    (1, 1, 'gabriel@terra.eu',  'Gabriel'),
    (2, 2, 'diana@terra.eu',    'Diana'),
    (3, 3, 'mohammed@terra.eu', 'Mohammed'),
    (4, 4, 'admin@terra.eu',    'Admin');

-- COUNTRY -- the 27 EU member states present in merged_data.csv
INSERT INTO country (country_id, country_code, country_name) VALUES
    (1, 'AT', 'Austria'),
    (2, 'BE', 'Belgium'),
    (3, 'BG', 'Bulgaria'),
    (4, 'CY', 'Cyprus'),
    (5, 'CZ', 'Czechia'),
    (6, 'DE', 'Germany'),
    (7, 'DK', 'Denmark'),
    (8, 'EE', 'Estonia'),
    (9, 'ES', 'Spain'),
    (10, 'FI', 'Finland'),
    (11, 'FR', 'France'),
    (12, 'GR', 'Greece'),
    (13, 'HR', 'Croatia'),
    (14, 'HU', 'Hungary'),
    (15, 'IE', 'Ireland'),
    (16, 'IT', 'Italy'),
    (17, 'LT', 'Lithuania'),
    (18, 'LU', 'Luxembourg'),
    (19, 'LV', 'Latvia'),
    (20, 'MT', 'Malta'),
    (21, 'NL', 'Netherlands'),
    (22, 'PL', 'Poland'),
    (23, 'PT', 'Portugal'),
    (24, 'RO', 'Romania'),
    (25, 'SE', 'Sweden'),
    (26, 'SI', 'Slovenia'),
    (27, 'SK', 'Slovakia');

-- COUNTRY_YEAR_DATA -- cleaned yearly rows from merged_data.csv
INSERT INTO country_year_data (country_id, year, gdp_per_capita, unemployment_rate, population, urban_pct, asylum_applications, temp_mean, heatwave_days, precip_total, precip_days_heavy, dry_days, evapotrans_total) VALUES
    (1, 2010, 46611.1393420232, 4.883, 8363404, 67.1047429254747, 11060, 9.422351, 0, 783.7, 7, 229, 759.994),
    (1, 2011, 51116.8953522042, 4.637, 8391643, 67.1484255415056, 14455, 10.900239, 0, 498.1, 2, 277, 873.2208),
    (1, 2012, 48250.4059142637, 4.909, 8429991, 67.2085909812279, 17450, 11.087264, 0, 552.6, 1, 254, 891.62646),
    (1, 2013, 50305.3545774973, 5.367, 8479823, 67.2981308784247, 17520, 10.479536, 2, 709.0, 4, 237, 810.2114),
    (1, 2014, 51314.9722616322, 5.674, 8546356, 67.4154327591781, 28065, 11.703919, 0, 796.7, 4, 237, 811.51587),
    (1, 2015, 43915.228020857, 5.802, 8642699, 67.5576175537383, 88180, 11.944531, 0, 561.2, 3, 258, 910.37604),
    (1, 2016, 45061.4993920192, 6.064, 8736668, 67.7218061923556, 42285, 11.25837, 0, 704.2, 2, 243, 835.9715),
    (1, 2017, 47163.7425775142, 5.561, 8797566, 67.9051196052802, 24735, 11.234219, 0, 527.5, 0, 263, 967.14734),
    (1, 2018, 51194.0749841299, 4.933, 8840521, 68.1046787227623, 13745, 12.16847, 0, 614.9, 5, 248, 979.1679),
    (1, 2019, 49885.9947355204, 4.56, 8879920, 68.3176044750522, 12885, 12.056089, 0, 614.0, 1, 251, 958.0313),
    (1, 2020, 48716.4098900349, 5.201, 8916864, 68.5410177924001, 14775, 11.445965, 0, 739.5, 6, 245, 907.12695),
    (1, 2021, 53648.6437976214, 6.459, 8955797, 68.773601700253, 39930, 10.809206, 0, 643.60004, 4, 245, 922.5667),
    (1, 2022, 52336.7725223758, 4.992, 9041851, 68.998085127906, 112270, 11.749401, 0, 666.2, 3, 240, 967.20624),
    (1, 2023, 56579.504175468, 5.264, 9131761, 69.2265358276021, 59230, 12.192665, 0, 767.8, 4, 245, 942.94763),
    (2, 2010, 44197.393671162, 8.293, 10895586, 84.9719309583717, 26560, 9.455609, 0, 812.5, 6, 234, 697.9758),
    (2, 2011, 47760.8298776546, 7.14, 11038264, 85.2349607044689, 32270, 11.440444, 0, 650.4, 2, 244, 742.12775),
    (2, 2012, 44874.1709182123, 7.542, 11106932, 85.4915403816388, 28305, 10.571455, 0, 824.3, 2, 206, 695.77),
    (2, 2013, 46964.5946777056, 8.425, 11159407, 85.7415410247275, 21225, 10.122556, 0, 706.8, 0, 231, 690.93866),
    (2, 2014, 47995.7786961339, 8.523, 11209057, 85.9848336685807, 22850, 11.818275, 0, 821.6, 4, 211, 711.96875),
    (2, 2015, 40893.804537772, 8.482, 11274196, 86.2212893480444, 44760, 11.231631, 0, 691.6, 1, 228, 745.0989),
    (2, 2016, 41854.5498296444, 7.83, 11331422, 86.4507790979645, 18325, 11.064135, 0, 779.6, 2, 223, 705.0978),
    (2, 2017, 44035.3239358548, 7.09, 11375158, 86.6731739531869, 18370, 11.118499, 0, 737.0, 1, 217, 729.0606),
    (2, 2018, 47487.2100392561, 5.941, 11427054, 86.8883449485575, 22565, 11.601763, 0, 629.8, 1, 237, 816.97546),
    (2, 2019, 46716.6227467964, 5.364, 11488980, 87.0961631189222, 27505, 11.304914, 1, 787.9, 2, 210, 775.1603),
    (2, 2020, 45906.2875805246, 5.545, 11538604, 87.2964994991269, 16735, 11.881183, 0, 766.2, 2, 231, 824.1075),
    (2, 2021, 51658.238294958, 6.248, 11586195, 87.4305564090635, 25035, 10.3208, 0, 974.2, 4, 197, 673.4724),
    (2, 2022, 50605.7496677086, 5.57, 11680210, 87.489200269855, 36795, 11.818944, 0, 623.0, 1, 252, 842.44904),
    (2, 2023, 55291.4754541329, 5.547, 11779946, 87.551492636772, 35225, 11.828218, 0, 1000.9, 2, 197, 777.81024),
    (3, 2010, 6853.94805511171, 10.279, 7395599, 71.5149307250977, 1025, 10.878186, 0, 647.0, 4, 230, 874.6166),
    (3, 2011, 7849.58061302818, 11.26, 7348328, 72.6101653885532, 890, 10.515007, 0, 362.9, 1, 286, 940.7173),
    (3, 2012, 7431.95789508871, 12.27, 7305888, 72.7684860229492, 1385, 11.244306, 0, 532.9, 1, 276, 1016.5704),
    (3, 2013, 7795.98092108928, 12.941, 7160005, 72.9632821572019, 7145, 11.611537, 0, 495.5, 2, 274, 960.3876),
    (3, 2014, 8069.60005667684, 11.424, 7073572, 73.0844879150391, 11080, 11.446023, 0, 748.0, 4, 238, 855.2559),
    (3, 2015, 7268.65445473873, 9.143, 6984225, 73.1030578613281, 20390, 11.271422, 0, 614.39996, 1, 264, 913.40576),
    (3, 2016, 7822.49923292968, 7.575, 6894139, 73.1750030517578, 19420, 11.358964, 0, 636.6, 3, 256, 931.91406),
    (3, 2017, 8696.68930427924, 6.164, 6803468, 73.3904571533203, 3695, 10.826187, 0, 773.9, 7, 256, 982.777),
    (3, 2018, 9849.38397225174, 5.211, 6710798, 73.600212097168, 2535, 11.430165, 0, 678.7, 0, 236, 960.58954),
    (3, 2019, 10353.7204584127, 4.148, 6616726, 73.7162322998047, 2150, 12.209891, 0, 552.8, 4, 263, 1025.8298),
    (3, 2020, 10760.211975413, 5.037, 6550696, 73.3239898681641, 3525, 11.473503, 0, 727.0, 6, 256, 972.6823),
    (3, 2021, 12966.1457543396, 5.166, 6507301, 73.346765618041, 11000, 11.050691, 0, 792.2, 8, 252, 997.147),
    (3, 2022, 13999.1949530956, 4.148, 6465097, 73.4799164005224, 20390, 11.658339, 0, 576.4, 2, 268, 1036.2249),
    (3, 2023, 15853.208636704, 4.319, 6446596, 73.7322671584613, 22510, 12.3743725, 0, 814.80005, 7, 251, 1009.61084),
    (4, 2010, 31105.02734375, 6.359, 1127816, 67.5229111556342, 2875, 21.117931, 35, 287.6, 3, 323, 1545.5212),
    (4, 2011, 32485.798828125, 7.942, 1146493, 67.3979892758544, 1770, 19.586744, 37, 464.4, 3, 292, 1483.8108),
    (4, 2012, 28991.935546875, 12.097, 1165397, 67.3010289148738, 1635, 20.227371, 54, 565.7, 3, 289, 1516.4178),
    (4, 2013, 27764.73046875, 16.131, 1183895, 67.2102333625375, 1255, 20.281687, 35, 304.0, 2, 313, 1577.0817),
    (4, 2014, 26993.103515625, 16.277, 1201801, 67.1230558819804, 1745, 20.213434, 27, 432.1, 3, 296, 1484.6128),
    (4, 2015, 23088.44140625, 15.026, 1219502, 67.0402477918073, 2265, 20.023897, 32, 361.1, 3, 306, 1489.573),
    (4, 2016, 24280.056640625, 13.006, 1237112, 66.9625604106231, 2940, 20.801157, 47, 236.3, 0, 318, 1607.2124),
    (4, 2017, 26247.44921875, 11.155, 1254275, 66.8907450570326, 4600, 19.73755, 31, 195.9, 0, 317, 1534.2832),
    (4, 2018, 29120.375, 8.504, 1270737, 66.8255530496405, 7765, 20.603334, 28, 330.6, 1, 299, 1523.6136),
    (4, 2019, 29227.173828125, 7.155, 1286671, 66.7677357070518, 13650, 19.729395, 31, 429.5, 2, 285, 1470.9772),
    (4, 2020, 28130.341796875, 7.755, 1302247, 66.7180443478713, 7495, 20.093313, 44, 337.2, 1, 306, 1524.0653),
    (4, 2021, 32937.83984375, 7.513, 1317309, 66.6718365394971, 13670, 20.365046, 43, 215.6, 0, 321, 1597.8214),
    (4, 2022, 33231.04296875, 6.806, 1331370, 66.6694829407584, 22190, 19.654058, 23, 228.0, 2, 315, 1546.402),
    (4, 2023, 36623.69140625, 5.835, 1344976, 66.6739477522639, 11910, 20.167637, 29, 286.2, 1, 303, 1497.1388),
    (5, 2010, 20160.4355077059, 7.281, 10474410, 73.3495599222723, 790, 7.9709835, 0, 840.60004, 7, 223, 684.7308),
    (5, 2011, 22049.1080788682, 6.712, 10496088, 73.2878338394746, 755, 9.946491, 0, 583.5, 2, 255, 777.8306),
    (5, 2012, 20014.0354015165, 6.979, 10510785, 73.2249239592898, 755, 9.791659, 0, 695.4, 4, 244, 790.61676),
    (5, 2013, 20260.4954999375, 6.953, 10514272, 73.1622186934979, 710, 9.155019, 0, 703.0, 4, 250, 697.416),
    (5, 2014, 20038.4163180257, 6.108, 10525347, 73.0995921041469, 1155, 10.970618, 0, 589.60004, 3, 246, 759.53516),
    (5, 2015, 17931.5987670768, 5.048, 10546059, 73.0370442874355, 1525, 11.081725, 1, 527.2, 4, 259, 838.6768),
    (5, 2016, 18753.9686718096, 3.952, 10566332, 72.9745753395623, 1480, 10.161298, 0, 630.0, 2, 241, 757.0354),
    (5, 2017, 20913.197632212, 2.893, 10594438, 72.9121853567256, 1450, 10.094418, 0, 613.3, 1, 224, 835.0979),
    (5, 2018, 23705.9329811299, 2.246, 10629928, 72.8498744351241, 1700, 11.405165, 0, 412.0, 1, 273, 945.47363),
    (5, 2019, 24062.7190013343, 2.015, 10671870, 72.7876426709563, 1920, 11.112466, 0, 604.9, 2, 250, 879.4501),
    (5, 2020, 23472.8915454417, 2.55, 10697858, 72.7254901604208, 1165, 10.789299, 0, 761.4, 6, 239, 839.8601),
    (5, 2021, 27696.4619527544, 2.803, 10505772, 72.6810594374316, 1410, 9.353481, 0, 680.7, 2, 225, 759.9941),
    (5, 2022, 28282.2236715857, 2.224, 10672118, 72.6967638379524, 1690, 10.773921, 0, 683.10004, 3, 234, 874.56934),
    (5, 2023, 31761.5944102491, 2.579, 10864042, 72.7352388396817, 1405, 11.406558, 0, 772.7, 3, 215, 901.027),
    (6, 2010, 42396.9665976293, 7.043, 81776930, 80.305702559949, 48590, 8.231562, 1, 772.7, 4, 229, 674.7368),
    (6, 2011, 47630.9761883572, 5.967, 80274983, 80.3405762928198, 53345, 10.250586, 0, 643.1, 5, 260, 748.1852),
    (6, 2012, 44718.0159214069, 5.372, 80425823, 80.393447520218, 77650, 9.696337, 0, 664.7, 2, 234, 722.3014),
    (6, 2013, 47206.8353514242, 5.316, 80645605, 80.4732318400362, 126995, 9.384569, 0, 662.5, 3, 254, 685.2389),
    (6, 2014, 48959.5991203133, 4.979, 80982500, 80.57574023743, 202815, 11.090198, 0, 615.7, 3, 230, 726.0745),
    (6, 2015, 41929.7549110722, 4.612, 81686611, 80.6974371632814, 476620, 10.835534, 0, 575.7, 1, 241, 791.00354),
    (6, 2016, 42948.9381932694, 4.104, 82348669, 80.8347870684725, 745265, 10.466151, 0, 511.5, 1, 246, 758.78925),
    (6, 2017, 45553.9341495339, 3.781, 82657002, 80.9842544038853, 222625, 9.968899, 0, 836.0, 4, 206, 680.88336),
    (6, 2018, 48916.1686612154, 3.384, 82905782, 81.1423036204018, 184235, 11.183624, 0, 412.5, 2, 278, 909.0094),
    (6, 2019, 47656.199739747, 3.163, 83092962, 81.3053991689039, 165685, 11.4498005, 0, 532.0, 0, 246, 872.02747),
    (6, 2020, 47394.8734504469, 3.881, 83160871, 81.4700055002738, 122015, 11.2737875, 0, 538.7, 1, 252, 827.8768),
    (6, 2021, 52349.2459994422, 3.594, 83196078, 81.6325870653934, 190615, 9.788625, 0, 661.10004, 4, 225, 723.975),
    (6, 2022, 50506.5179638543, 3.137, 83177813, 81.7867852780995, 243880, 10.993573, 1, 489.0, 1, 265, 861.38165),
    (6, 2023, 54776.7668235491, 3.071, 83287273, 81.9034366692129, 351600, 11.138693, 0, 830.9, 3, 216, 821.7406),
    (7, 2010, 58104.5445594981, 7.746, 5547683, 86.8652420043945, 5100, 7.1287074, 0, 714.6, 5, 232, 581.06396),
    (7, 2011, 61809.737898222, 7.769, 5570572, 87.1567653955846, 3985, 9.101642, 0, 734.4, 2, 233, 620.4651),
    (7, 2012, 58443.7747103968, 7.798, 5591572, 87.2336196899414, 6075, 8.536551, 0, 660.9, 1, 229, 621.9055),
    (7, 2013, 61377.5940590412, 7.384, 5614932, 87.5436524760432, 7230, 8.6783085, 0, 569.9, 0, 243, 643.18304),
    (7, 2014, 62520.4509747011, 6.925, 5643475, 87.6823985731907, 14715, 10.245666, 0, 718.7, 3, 224, 665.22626),
    (7, 2015, 53094.0133607574, 6.278, 5683483, 87.7254056577329, 20970, 9.519084, 0, 745.6, 1, 220, 638.87213),
    (7, 2016, 54500.9260410217, 5.989, 5728010, 87.6999969482422, 6195, 9.414586, 0, 578.1, 0, 238, 646.3476),
    (7, 2017, 57521.5514992225, 5.833, 5764980, 88.0161943799509, 3235, 9.240674, 0, 838.8, 2, 202, 594.74335),
    (7, 2018, 61324.7665045565, 5.131, 5793636, 88.1059762310689, 3600, 10.105257, 0, 472.9, 0, 255, 777.24164),
    (7, 2019, 59404.2663247723, 5.018, 5814422, 88.2096490810669, 2740, 10.119971, 0, 729.6, 1, 211, 695.2437),
    (7, 2020, 60985.4885601514, 5.644, 5831404, 88.2394485473632, 1490, 10.450416, 0, 632.6, 1, 222, 711.0088),
    (7, 2021, 69340.7334922138, 5.065, 5856733, 88.2616449318149, 2100, 9.336501, 0, 679.5, 4, 229, 659.7148),
    (7, 2022, 67781.0940939514, 4.434, 5903037, 88.3880239837703, 4595, 9.876341, 0, 556.7, 1, 245, 706.10266),
    (7, 2023, 68043.5466971243, 5.094, 5946952, 88.552638542867, 2480, 9.760109, 0, 832.0, 4, 221, 713.0642),
    (8, 2010, 14663.7041018705, 16.707, 1331475, 67.8048042926262, 35, 5.204159, 0, 624.6, 0, 232, 581.3019),
    (8, 2011, 17555.5455239426, 12.328, 1327439, 67.8775556334506, 65, 7.1128407, 0, 652.6, 0, 222, 595.4486),
    (8, 2012, 17568.2137969714, 10.021, 1322696, 67.9629593320316, 75, 5.4629545, 0, 856.5, 1, 211, 540.2869),
    (8, 2013, 19310.3874900757, 8.631, 1317997, 68.0923458296768, 95, 6.9665275, 0, 504.9, 0, 248, 602.85345),
    (8, 2014, 20581.7898991695, 7.352, 1314545, 68.2668382808032, 155, 7.0990734, 0, 591.2, 0, 242, 596.33124),
    (8, 2015, 17722.1557669523, 6.412, 1315407, 68.4796609690553, 230, 7.647446, 0, 596.8, 0, 232, 585.5721),
    (8, 2016, 18666.3736521706, 6.882, 1315790, 68.724038178078, 175, 6.636953, 0, 659.5, 4, 243, 578.77985),
    (8, 2017, 20851.5223496861, 5.807, 1317384, 68.9931941915158, 190, 6.2269406, 0, 772.2, 1, 201, 531.2304),
    (8, 2018, 23618.1361254581, 5.412, 1321977, 69.2803532930133, 95, 7.1219125, 0, 563.1, 1, 237, 659.824),
    (8, 2019, 24021.2501413306, 4.514, 1326898, 69.5787397662154, 105, 7.2648168, 0, 786.2, 0, 192, 620.6543),
    (8, 2020, 23933.9939421065, 6.956, 1329522, 69.8815778947665, 50, 8.032365, 0, 811.2, 1, 216, 612.5556),
    (8, 2021, 27951.1659277744, 6.178, 1330932, 70.1777274135822, 80, 6.610759, 0, 749.4, 2, 205, 622.5377),
    (8, 2022, 28340.3826549406, 5.571, 1348840, 70.4892333736738, 2945, 6.94266, 0, 691.3, 1, 212, 634.61),
    (8, 2023, 30264.0064885057, 6.378, 1370286, 70.6770085523126, 3985, 6.895, 0, 888.8, 4, 197, 636.77563),
    (9, 2010, 30658.7422282912, 19.86, 46576897, 78.5138156234888, 2745, 13.705885, 1, 492.2, 4, 276, 1220.3618),
    (9, 2011, 31824.6219134777, 21.39, 46742697, 78.695397956495, 3420, 14.762723, 0, 429.1, 4, 307, 1297.0713),
    (9, 2012, 28456.4438151477, 24.789, 46773055, 78.8455680301618, 2565, 14.393177, 5, 305.1, 2, 321, 1364.8418),
    (9, 2013, 29228.846559842, 26.094, 46604197, 78.9858086902112, 4495, 13.769293, 0, 405.0, 0, 293, 1241.6309),
    (9, 2014, 29707.765509467, 24.441, 46460733, 79.1196713833488, 5615, 14.786034, 0, 447.6, 2, 290, 1291.9255),
    (9, 2015, 25982.4416197775, 22.057, 46422303, 79.2454892743023, 14785, 15.208745, 10, 245.0, 1, 315, 1347.5922),
    (9, 2016, 26755.6061149398, 19.635, 46458139, 79.3615955277997, 15755, 14.864015, 5, 497.8, 5, 290, 1275.8285),
    (9, 2017, 28381.3425596906, 17.224, 46571232, 79.4663233085683, 36610, 15.903745, 12, 356.8, 3, 302, 1476.3489),
    (9, 2018, 30602.4212881113, 15.255, 46782011, 79.5580057813361, 54060, 14.647865, 5, 538.3, 3, 275, 1269.994),
    (9, 2019, 29786.5245689007, 14.104, 47118501, 79.6349761108307, 117815, 15.423396, 11, 373.1, 3, 310, 1443.919),
    (9, 2020, 27233.9426461608, 15.532, 47359424, 79.6955674617799, 88540, 15.401588, 13, 509.9, 5, 281, 1332.2053),
    (9, 2021, 30799.4775937775, 14.914, 47443821, 79.7846242983598, 65315, 15.012455, 7, 551.1, 3, 293, 1350.2117),
    (9, 2022, 30319.4987196616, 13.033, 47786102, 79.9548794567814, 117960, 16.32919, 28, 531.5, 4, 283, 1422.5293),
    (9, 2023, 33493.2225409111, 12.179, 48352528, 80.128491001856, 162435, 15.871067, 19, 516.7, 5, 300, 1430.1937),
    (10, 2010, 46506.2919016566, 8.394, 5363352, 69.7855798796947, 3675, 4.725877, 0, 602.0, 0, 241, 566.3176),
    (10, 2011, 51060.3242589767, 7.781, 5388272, 70.0583261874252, 2975, 6.6261563, 0, 704.1, 1, 227, 571.05475),
    (10, 2012, 47551.6740841369, 7.689, 5413971, 70.3661363168712, 3115, 5.441726, 0, 884.0, 1, 210, 521.3914),
    (10, 2013, 49691.0145200739, 8.193, 5438972, 70.6742118159277, 3220, 6.421796, 0, 581.3, 1, 238, 565.6249),
    (10, 2014, 50073.7760815871, 8.663, 5461512, 70.9879168940753, 3625, 7.0083485, 0, 664.1, 1, 237, 578.0059),
    (10, 2015, 42560.3456767103, 9.376, 5479531, 71.3054930040604, 32345, 7.2469788, 0, 688.8, 0, 227, 547.60815),
    (10, 2016, 43451.2562442158, 8.818, 5495303, 71.6158383428171, 5625, 6.213146, 0, 663.7, 2, 242, 556.84906),
    (10, 2017, 46085.0174739036, 8.64, 5508214, 71.9563038312956, 5020, 5.9569545, 0, 922.3, 3, 198, 514.7384),
    (10, 2018, 49654.2497035329, 7.361, 5515525, 72.3423467740343, 4515, 6.6439404, 0, 583.2, 0, 239, 638.3969),
    (10, 2019, 48358.1807773701, 6.695, 5521606, 72.7431214358314, 4535, 6.718918, 0, 829.3, 1, 212, 598.4629),
    (10, 2020, 48828.6846862799, 7.759, 5529543, 73.0849439791673, 3205, 8.039525, 0, 948.9, 4, 205, 626.1214),
    (10, 2021, 53099.1351400148, 7.617, 5541017, 73.3710215780329, 2540, 6.0467434, 0, 777.89996, 3, 231, 607.9803),
    (10, 2022, 50440.560224974, 6.719, 5556106, 73.6967597835949, 5805, 6.5302534, 0, 736.0, 2, 229, 609.41394),
    (10, 2023, 52834.2916752703, 7.149, 5583911, 74.0062548602828, 5355, 6.3848653, 0, 856.9, 3, 214, 617.24274),
    (11, 2010, 40694.8211697025, 9.279, 65026211, 77.0962844808803, 52725, 10.426125, 0, 605.5, 1, 253, 778.0085),
    (11, 2011, 43929.7840873812, 9.228, 65340830, 77.1182717387509, 57335, 12.530799, 0, 571.10004, 2, 259, 829.6976),
    (11, 2012, 40863.5814412333, 9.841, 65657659, 77.1669464919916, 61455, 11.529521, 0, 664.9, 1, 232, 784.3173),
    (11, 2013, 42669.1795111893, 9.913, 65997932, 77.2440721470918, 66265, 11.109206, 0, 669.9, 3, 238, 753.83215),
    (11, 2014, 43148.0459288416, 10.273, 66312067, 77.3524296788613, 64310, 12.251816, 0, 811.7, 2, 225, 756.0538),
    (11, 2015, 36702.4323733379, 10.354, 66548272, 77.7610919150066, 76165, 12.244601, 0, 534.7, 1, 256, 832.60065),
    (11, 2016, 37024.2157133669, 10.057, 66724104, 78.5999114705779, 84270, 11.7034, 0, 707.7, 3, 235, 752.6535),
    (11, 2017, 38687.1626407164, 9.409, 66918020, 78.6467804026368, 99330, 12.035286, 0, 705.2, 4, 223, 795.8684),
    (11, 2018, 41418.1766484844, 9.018, 67158348, 78.6714432536599, 137665, 12.565565, 0, 773.9, 2, 235, 874.13666),
    (11, 2019, 40408.2848574751, 8.415, 67382061, 78.6890784549356, 151070, 12.241022, 2, 744.8, 3, 220, 880.14624),
    (11, 2020, 39169.8606000707, 8.009, 67601110, 78.7119131765249, 93200, 13.03515, 1, 651.3, 0, 232, 925.0471),
    (11, 2021, 43725.0999521245, 7.871, 67842811, 78.7364603392338, 120705, 11.425748, 0, 754.4, 1, 227, 788.285),
    (11, 2022, 40988.6396406579, 7.303, 68184457, 78.7591921123356, 156570, 12.871673, 1, 712.8, 3, 249, 924.6437),
    (11, 2023, 44700.1384177544, 7.335, 68372286, 78.7804323126547, 167055, 12.934554, 0, 949.0, 7, 219, 865.9452),
    (12, 2010, 26653.0488008626, 12.719, 11121341, 76.3631476983077, 10275, 18.584967, 19, 315.7, 2, 311, 1314.7756),
    (12, 2011, 25504.7866510124, 17.973, 11104899, 76.6352609929407, 9310, 17.01805, 4, 443.4, 3, 306, 1300.9329),
    (12, 2012, 21624.346052551, 24.731, 11045011, 76.8679797449322, 9575, 18.27964, 26, 363.6, 3, 302, 1411.1691),
    (12, 2013, 21573.3449762805, 27.686, 10965211, 77.0951999650171, 8225, 18.342472, 3, 329.9, 3, 311, 1393.4579),
    (12, 2014, 21474.7257123892, 26.708, 10892413, 77.3130486275866, 9435, 18.31152, 6, 429.6, 5, 300, 1289.6285),
    (12, 2015, 17980.7298238137, 24.981, 10820883, 77.5194426317545, 13205, 17.613495, 8, 401.8, 3, 306, 1294.6261),
    (12, 2016, 17919.2426377048, 23.514, 10775971, 77.7122988766348, 51110, 18.349928, 6, 254.20001, 1, 324, 1384.2136),
    (12, 2017, 18631.9930129293, 21.413, 10754679, 77.8895342613411, 58660, 17.716722, 17, 461.5, 5, 298, 1387.4706),
    (12, 2018, 19873.4015238771, 19.179, 10732882, 78.0490656849874, 66975, 18.076855, 1, 603.9, 5, 283, 1322.386),
    (12, 2019, 19335.3602002969, 17.045, 10721582, 78.1888100466875, 77285, 17.812906, 5, 704.7, 10, 286, 1330.3154),
    (12, 2020, 17886.733165236, 15.899, 10698599, 78.3066842455552, 40560, 17.762392, 5, 579.6, 7, 302, 1343.0867),
    (12, 2021, 20654.7001960815, 14.656, 10569207, 78.3884898647442, 28355, 17.910126, 22, 511.9, 5, 301, 1360.0391),
    (12, 2022, 20886.5243087629, 12.426, 10436882, 78.5502190980809, 37380, 17.726221, 8, 353.3, 2, 310, 1391.5192),
    (12, 2023, 23343.7103964562, 11.023, 10407351, 78.7746303842088, 64230, 18.41975, 23, 561.4, 7, 285, 1316.221),
    (13, 2010, 13729.7654965022, 11.62, 4295427, 55.2824979327886, 0, 10.877769, 0, 1040.7, 12, 231, 783.53864),
    (13, 2011, 14691.558296292, 13.678, 4280622, 55.2773793281248, 0, 12.195257, 0, 513.60004, 6, 285, 934.1551),
    (13, 2012, 13507.7805260991, 16.046, 4260368, 55.3042888624873, 0, 12.356038, 0, 767.7, 7, 253, 949.6119),
    (13, 2013, 14134.9474982889, 17.231, 4233922, 55.3659479687433, 1080, 11.697564, 2, 1013.3, 6, 238, 840.548),
    (13, 2014, 14186.7295493276, 17.209, 4201598, 55.4591834926844, 450, 12.625714, 0, 1255.3, 16, 210, 791.37164),
    (13, 2015, 12283.7840620053, 16.15, 4151725, 55.5812594509004, 210, 12.522724, 0, 893.0, 10, 269, 889.2783),
    (13, 2016, 12820.1653893008, 13.015, 4106867, 55.7294398599808, 2225, 12.07467, 0, 919.6, 5, 239, 838.9611),
    (13, 2017, 13901.7878144679, 11.078, 4041407, 55.9009887365155, 975, 11.994589, 1, 932.5, 12, 244, 939.1083),
    (13, 2018, 15460.3669595491, 8.322, 3988775, 56.093170097094, 800, 12.189721, 0, 919.8, 9, 233, 854.4312),
    (13, 2019, 15563.5987295029, 6.551, 3949390, 56.303247958306, 1400, 12.374761, 0, 1020.60004, 9, 236, 867.5033),
    (13, 2020, 14807.5608543265, 7.389, 3914206, 56.5284863367411, 1605, 12.117936, 0, 921.3, 10, 255, 910.9822),
    (13, 2021, 17788.7865816658, 7.483, 3878981, 56.7683502560171, 2550, 11.537505, 0, 803.4, 10, 251, 885.9043),
    (13, 2022, 18465.5414420364, 6.811, 3855641, 56.9977571733605, 2730, 12.367231, 0, 710.4, 5, 261, 924.1697),
    (13, 2023, 22184.2279304842, 6.121, 3859686, 57.2431560672198, 1750, 12.633214, 0, 1182.9, 16, 239, 869.57697),
    (14, 2010, 13189.8433874768, 11.172, 10000023, 69.5305480957031, 2105, 10.359502, 0, 1000.5, 9, 223, 768.3221),
    (14, 2011, 14211.460557822, 11.029, 9971727, 69.4779934082031, 1695, 11.479416, 0, 396.7, 0, 278, 921.849),
    (14, 2012, 12950.1594488143, 11.003, 9920362, 69.5772326660156, 2155, 12.156764, 2, 471.1, 1, 278, 1005.4585),
    (14, 2013, 13739.4620151401, 10.177, 9872734, 69.9277636266638, 18900, 11.644132, 1, 674.4, 2, 245, 866.4168),
    (14, 2014, 14352.501883174, 7.725, 9833038, 70.3071053512008, 42775, 12.513423, 0, 819.9, 7, 226, 833.9949),
    (14, 2015, 12782.9412577973, 6.813, 9797755, 70.4847717285156, 177135, 12.257818, 0, 554.89996, 2, 267, 899.56915),
    (14, 2016, 13215.8605277789, 5.115, 9759755, 70.4733810424805, 29430, 11.551846, 0, 749.6, 6, 254, 850.71075),
    (14, 2017, 14736.1668157258, 4.156, 9726756, 70.4542541503906, 3395, 11.37428, 0, 675.9, 4, 263, 947.3175),
    (14, 2018, 16605.0570511887, 3.667, 9706964, 70.4711761474609, 670, 12.383705, 0, 692.0, 5, 245, 934.86346),
    (14, 2019, 17012.8598553199, 3.411, 9694824, 70.4565277099609, 500, 12.404669, 0, 730.0, 6, 246, 927.97534),
    (14, 2020, 16386.9308821258, 4.248, 9670419, 70.2917327880859, 115, 11.935212, 0, 700.6, 5, 247, 924.91376),
    (14, 2021, 19030.628130329, 4.021, 9630932, 70.2059275331413, 40, 11.133978, 0, 512.7, 3, 263, 923.06),
    (14, 2022, 18428.028825614, 3.583, 9605074, 70.1585064243445, 45, 12.285823, 3, 579.0, 2, 269, 1018.08185),
    (14, 2023, 22230.6277875187, 4.096, 9592186, 70.2923026891431, 30, 12.503926, 0, 952.9, 9, 235, 937.9384),
    (15, 2010, 48623.9666422487, 14.534, 4560155, 61.8910689348512, 1940, 9.024066, 0, 846.1, 4, 209, 596.73535),
    (15, 2011, 52613.8540355689, 15.354, 4580084, 62.0872735820277, 1290, 10.468084, 0, 742.9, 2, 210, 609.56354),
    (15, 2012, 49335.8408099555, 15.451, 4599533, 62.2529318511038, 955, 9.970893, 0, 986.6, 5, 207, 576.9979),
    (15, 2013, 52537.6108648692, 13.735, 4623816, 62.4047157756118, 945, 10.02123, 0, 782.1, 5, 227, 636.5578),
    (15, 2014, 57214.5379785709, 11.858, 4657740, 62.535401730577, 1450, 10.631424, 0, 973.4, 4, 208, 613.99164),
    (15, 2015, 64250.1385181257, 9.908, 4701957, 62.6392123492764, 3275, 10.072823, 0, 866.4, 3, 212, 623.04175),
    (15, 2016, 64129.5571542383, 8.374, 4762722, 62.7229399123734, 2245, 10.319566, 0, 804.8, 2, 208, 610.00287),
    (15, 2017, 72161.4047531385, 6.713, 4827445, 62.9035196521232, 2930, 10.812648, 0, 931.9, 6, 200, 630.9589),
    (15, 2018, 80804.1123164826, 5.741, 4898022, 63.0844503476779, 3670, 10.693367, 0, 920.8, 4, 205, 670.1508),
    (15, 2019, 81827.6688873996, 4.95, 4976456, 63.2737009154127, 4780, 10.618259, 0, 973.8, 1, 187, 630.4708),
    (15, 2020, 86514.0706108754, 5.623, 5039747, 63.4713366724915, 1565, 10.651704, 0, 900.60004, 1, 200, 664.02094),
    (15, 2021, 103783.446284479, 6.357, 5110585, 63.6774229356985, 2650, 10.795165, 0, 840.60004, 4, 220, 652.6403),
    (15, 2022, 105190.685952731, 4.465, 5212836, 63.8920250215059, 13660, 11.199755, 0, 920.3, 6, 220, 701.4818),
    (15, 2023, 106818.917130804, 4.243, 5311538, 64.1152082461268, 13275, 11.415359, 0, 1088.6, 7, 193, 664.4988),
    (16, 2010, 35856.8625485539, 8.363, 59819407, 68.2163741829857, 10050, 15.213248, 0, 1170.0, 12, 231, 1006.44275),
    (16, 2011, 38432.3742820019, 8.359, 60026841, 68.4015073889511, 40350, 15.652198, 0, 682.3, 5, 281, 1102.8171),
    (16, 2012, 34854.3949441965, 10.655, 60191247, 68.7608794235259, 17350, 15.79616, 0, 922.89996, 13, 267, 1106.0208),
    (16, 2013, 35701.6746002376, 12.149, 60311613, 69.3073989916076, 26620, 15.589977, 0, 1018.5, 7, 241, 1032.5973),
    (16, 2014, 36028.3494022349, 12.683, 60320707, 69.5807638614879, 64625, 16.06101, 0, 1038.3, 9, 245, 1027.7949),
    (16, 2015, 30639.8829751432, 11.896, 60229605, 69.6100006103516, 83540, 16.147444, 1, 778.0, 8, 275, 1080.2891),
    (16, 2016, 31391.5692898108, 11.688, 60115223, 69.5969232525286, 122960, 16.08913, 0, 810.4, 5, 254, 1060.1744),
    (16, 2017, 32844.115660604, 11.211, 60002252, 69.5180784259382, 128855, 16.1879, 7, 583.3, 6, 280, 1227.9607),
    (16, 2018, 34904.1081923834, 10.538, 60148658, 69.4800033569336, 59950, 16.488186, 0, 1130.7001, 13, 227, 1069.2906),
    (16, 2019, 33812.788724868, 9.884, 59729081, 69.5050010681153, 43775, 16.429977, 0, 943.4, 12, 247, 1138.3392),
    (16, 2020, 32091.4866621366, 9.192, 59438851, 69.5187492370606, 26950, 16.332468, 0, 888.3, 11, 269, 1161.052),
    (16, 2021, 36852.5425414951, 9.497, 59133173, 69.4812507629394, 53610, 16.15109, 5, 913.9, 11, 251, 1130.9575),
    (16, 2022, 35653.9042103495, 8.069, 59013667, 69.4839779766539, 84290, 17.206455, 4, 899.0, 17, 280, 1248.0104),
    (16, 2023, 39277.0838783918, 7.627, 58984216, 69.5381540123301, 135820, 16.864983, 5, 925.10004, 9, 246, 1152.0887),
    (17, 2010, 11829.122609457, 17.814, 3097282, 66.7712860107422, 495, 6.5133734, 0, 785.0, 3, 217, 596.1628),
    (17, 2011, 14261.8433787325, 15.39, 3028115, 66.7518340055756, 525, 7.634561, 0, 599.2, 1, 235, 626.6216),
    (17, 2012, 14288.1853493139, 13.365, 2989139, 66.8536758422852, 645, 6.872433, 0, 741.10004, 1, 219, 611.934),
    (17, 2013, 15636.5252586048, 11.77, 2961250, 67.0092086791992, 400, 7.483636, 0, 603.4, 0, 240, 616.524),
    (17, 2014, 16446.1647181663, 10.698, 2937253, 67.1514937628023, 440, 7.9818377, 0, 661.4, 3, 240, 665.8663),
    (17, 2015, 14269.8039878287, 9.12, 2911109, 67.2282485961914, 315, 8.566051, 0, 629.10004, 4, 238, 675.69855),
    (17, 2016, 14934.2702840428, 7.862, 2877325, 67.1894226074219, 430, 7.6741524, 0, 801.2, 2, 220, 624.06946),
    (17, 2017, 16800.1510246099, 7.073, 2842639, 67.1012954711914, 545, 7.2818894, 0, 936.0, 4, 201, 584.5658),
    (17, 2018, 19247.2315367967, 6.147, 2819200, 67.1464742010457, 405, 7.9886813, 0, 679.3, 3, 234, 718.33624),
    (17, 2019, 19608.7943945553, 6.255, 2811089, 67.245735168457, 645, 8.723613, 0, 657.4, 0, 218, 726.1552),
    (17, 2020, 20428.6478157394, 8.487, 2810369, 67.4254608154297, 315, 9.0437155, 0, 630.6, 0, 219, 706.8366),
    (17, 2021, 23870.4594851722, 7.112, 2808380, 68.1912117004395, 3940, 6.8859186, 0, 910.5, 4, 210, 632.40314),
    (17, 2022, 25085.784063499, 5.955, 2831639, 68.2866452426813, 1025, 7.4740243, 0, 824.6, 7, 222, 661.7727),
    (17, 2023, 27786.0057829276, 6.841, 2871585, 68.575454583199, 575, 8.61952, 0, 836.1, 2, 209, 748.3124),
    (18, 2010, 110885.991378721, 4.423, 506953, 88.48791681658, 785, 8.338558, 0, 819.2, 3, 227, 684.788),
    (18, 2011, 119025.057203467, 5.122, 518347, 88.9562814837254, 2155, 10.188359, 0, 631.8, 3, 247, 738.9907),
    (18, 2012, 112584.676270958, 5.03, 530946, 89.4405768017292, 2055, 9.389383, 0, 843.4, 1, 226, 679.6728),
    (18, 2013, 120000.140729859, 6.045, 543360, 89.9413746679705, 1070, 8.827657, 0, 865.5, 3, 225, 649.9021),
    (18, 2014, 123678.702143275, 6.044, 556319, 90.4577807676859, 1150, 10.555533, 0, 822.60004, 4, 227, 691.91),
    (18, 2015, 105462.012584423, 6.796, 569604, 90.9893679353068, 2505, 10.131898, 0, 636.6, 3, 247, 727.9808),
    (18, 2016, 106899.293549552, 6.669, 582014, 91.5357090052649, 2160, 9.572301, 0, 809.3, 3, 228, 662.2413),
    (18, 2017, 110193.213797228, 5.523, 596336, 92.0963768119916, 2435, 9.851724, 0, 832.0, 1, 212, 715.53534),
    (18, 2018, 116926.759593905, 5.589, 607950, 92.6709441899184, 2335, 10.637534, 0, 818.8, 4, 230, 807.1694),
    (18, 2019, 112696.649059674, 5.592, 620001, 93.2589839734767, 2270, 10.20081, 0, 948.3, 3, 214, 771.07324),
    (18, 2020, 116860.02817236, 6.766, 630419, 93.8600689970981, 1345, 10.872382, 0, 872.2, 4, 224, 818.79785),
    (18, 2021, 134965.815442152, 5.571, 640064, 94.5861743396533, 1420, 9.31959, 0, 997.3, 3, 205, 677.0997),
    (18, 2022, 123719.658915996, 4.588, 653103, 94.7605400940185, 2460, 10.9767065, 0, 772.9, 4, 232, 858.9903),
    (18, 2023, 133230.619178899, 5.184, 666430, 94.8015300320787, 2685, 10.885873, 0, 993.5, 1, 201, 780.6703),
    (19, 2010, 11188.4191700977, 19.482, 2097555, 67.8270681752453, 65, 6.2458863, 0, 820.5, 4, 218, 616.5433),
    (19, 2011, 12902.574053337, 16.206, 2059709, 67.8266897008267, 340, 7.820184, 0, 616.5, 1, 238, 673.44556),
    (19, 2012, 13329.3499931271, 15.047, 2034319, 67.8331638942219, 205, 6.7484393, 0, 846.3, 0, 203, 630.7146),
    (19, 2013, 14484.4715282132, 11.867, 2012647, 67.847334482933, 195, 7.503169, 0, 646.2, 2, 231, 650.2001),
    (19, 2014, 15185.814581236, 10.846, 1993782, 67.8686035364944, 375, 8.11374, 0, 759.2, 3, 233, 670.41064),
    (19, 2015, 13321.9753140616, 9.873, 1977527, 67.8965395668259, 330, 8.518164, 0, 600.5, 1, 235, 671.7003),
    (19, 2016, 13838.5266823272, 9.643, 1959537, 67.9307110858472, 350, 7.790725, 0, 788.9, 2, 217, 649.58093),
    (19, 2017, 15132.4958333982, 8.715, 1942248, 67.9706866054779, 355, 7.335982, 0, 795.4, 2, 201, 606.4229),
    (19, 2018, 17252.1710428626, 7.412, 1927174, 68.0160346376376, 185, 8.313043, 0, 547.0, 1, 246, 756.0566),
    (19, 2019, 17294.9751600969, 6.312, 1913822, 68.066323694246, 195, 8.66113, 0, 718.6, 0, 207, 711.5038),
    (19, 2020, 17564.2321549354, 8.098, 1900449, 68.1211222872228, 180, 9.122137, 0, 702.2, 2, 215, 675.47504),
    (19, 2021, 20261.8887788916, 7.513, 1884490, 68.1808791463693, 615, 7.434452, 0, 797.3, 3, 209, 671.68115),
    (19, 2022, 20221.103686109, 6.815, 1879383, 68.2570218109034, 620, 7.790388, 0, 748.2, 6, 206, 673.78516),
    (19, 2023, 22710.2637544197, 6.465, 1883710, 68.3586316343061, 1700, 8.294252, 0, 860.3, 2, 198, 703.2881),
    (20, 2010, 21946.6069636029, 6.861, 414508, 94.2412435620154, 175, 19.146294, 0, 318.1, 1, 315, 1366.9547),
    (20, 2011, 23516.9691234302, 6.388, 416268, 94.3155916422812, 1890, 18.924364, 0, 559.5, 5, 293, 1328.1226),
    (20, 2012, 22878.3130866521, 6.203, 420028, 94.3626256493653, 2080, 19.426632, 0, 322.5, 1, 312, 1401.1355),
    (20, 2013, 25415.5566867731, 6.115, 424810, 94.3906567856206, 2250, 19.22844, 0, 404.0, 2, 304, 1354.4487),
    (20, 2014, 27424.5765646694, 5.737, 433481, 94.412512773898, 1350, 19.380556, 0, 390.2, 3, 316, 1348.713),
    (20, 2015, 25529.6813337717, 5.389, 444220, 94.4387696268011, 1845, 19.322178, 0, 362.5, 4, 312, 1332.738),
    (20, 2016, 26459.0770929988, 4.694, 454505, 94.4800033569336, 1930, 19.499638, 0, 349.2, 4, 310, 1332.6964),
    (20, 2017, 30317.2443175543, 4.008, 467106, 94.5691806330314, 1840, 19.49279, 6, 351.7, 3, 300, 1448.244),
    (20, 2018, 33382.2677499267, 3.956, 483903, 94.7242373261706, 2130, 19.748665, 0, 373.7, 4, 300, 1356.4219),
    (20, 2019, 32421.9179752262, 4.08, 503912, 94.9332032524644, 4090, 19.473522, 1, 504.2, 6, 288, 1375.0643),
    (20, 2020, 31823.4363934505, 4.856, 515490, 95.1841082280263, 2480, 19.75691, 0, 263.3, 0, 310, 1398.7064),
    (20, 2021, 38096.8360735119, 3.754, 518150, 95.5145343617045, 1595, 20.05056, 9, 463.8, 4, 297, 1433.1741),
    (20, 2022, 35638.8869457406, 3.471, 531113, 95.6003155132879, 1320, 20.11653, 2, 248.6, 2, 318, 1430.1451),
    (20, 2023, 40905.8059585057, 3.479, 552747, 95.6272277147965, 855, 20.276272, 10, 339.0, 1, 308, 1463.9391),
    (21, 2010, 51305.7338533973, 4.991, 16615394, 87.3502790247129, 15100, 8.985429, 0, 746.2, 2, 225, 625.8596),
    (21, 2011, 54701.7728030611, 4.977, 16693074, 88.0059204972573, 14590, 10.801707, 0, 767.3, 2, 227, 659.05597),
    (21, 2012, 50473.9442002689, 5.821, 16754962, 88.5342462391333, 13095, 10.154727, 0, 949.7, 1, 207, 624.9578),
    (21, 2013, 52602.2860520766, 7.241, 16804432, 89.1749992370605, 13060, 9.7425585, 0, 726.8, 3, 227, 636.3105),
    (21, 2014, 53457.2234864322, 7.419, 16865008, 89.8364787097165, 24495, 11.617706, 0, 789.2, 0, 210, 665.4379),
    (21, 2015, 45793.8135434697, 6.872, 16939923, 90.2787737214621, 44970, 10.815224, 0, 768.7, 1, 221, 671.2299),
    (21, 2016, 46808.5291492503, 6.007, 17030314, 90.5803239452777, 20945, 10.851392, 0, 706.9, 0, 223, 659.1081),
    (21, 2017, 49513.6817346384, 4.837, 17131296, 91.1219700676602, 18210, 10.787392, 0, 925.0, 5, 191, 674.16754),
    (21, 2018, 53955.0770024266, 3.832, 17231624, 92.6062472401044, 24025, 11.1530075, 0, 727.2, 2, 232, 765.8804),
    (21, 2019, 53554.9007491475, 3.379, 17344874, 93.8898028856479, 25260, 11.002283, 0, 965.10004, 5, 203, 713.9948),
    (21, 2020, 53467.9277413737, 3.82, 17441500, 94.2532277765935, 15320, 11.44075, 0, 923.1, 0, 187, 744.90625),
    (21, 2021, 60141.9880911492, 4.209, 17533044, 94.6294783220315, 26555, 10.288459, 0, 943.9, 1, 193, 644.2661),
    (21, 2022, 59123.318556487, 3.526, 17700982, 94.9856177734136, 37060, 11.324246, 0, 802.10004, 2, 224, 763.55524),
    (21, 2023, 63515.6030780019, 3.535, 17877117, 95.3221682092129, 39755, 11.51323, 0, 1241.8, 7, 172, 721.252),
    (22, 2010, 12567.7317676382, 9.578, 38042794, 60.8474783987677, 6540, 7.6070614, 0, 849.9, 6, 221, 649.70825),
    (22, 2011, 13867.6669408192, 9.576, 38063255, 60.7357090652544, 6890, 9.042695, 0, 630.0, 4, 255, 717.34467),
    (22, 2012, 13087.420943321, 10.031, 38063164, 60.6341632788866, 10755, 8.609046, 0, 621.3, 2, 241, 709.1627),
    (22, 2013, 13621.9023794031, 10.293, 38040196, 60.5333187465323, 15245, 8.590954, 0, 720.6, 4, 238, 669.8902),
    (22, 2014, 14262.2841914116, 8.971, 38011735, 60.4340063344328, 8025, 9.732587, 0, 662.0, 6, 239, 730.4723),
    (22, 2015, 12637.5220324406, 7.475, 37986412, 60.3362886805635, 12190, 10.202735, 0, 485.0, 0, 253, 801.60175),
    (22, 2016, 12464.0110508476, 6.141, 37970087, 60.2402284228997, 12305, 9.62544, 0, 728.3, 3, 224, 732.6138),
    (22, 2017, 13913.3402919927, 4.867, 37974826, 60.145888199417, 5055, 9.270177, 0, 919.9, 4, 196, 679.4145),
    (22, 2018, 15658.2120316794, 3.835, 37974750, 60.0533306480907, 4115, 10.359258, 0, 636.6, 2, 245, 838.69543),
    (22, 2019, 15874.5220531254, 3.267, 37965475, 59.9626184068963, 4080, 10.868156, 0, 604.7, 1, 238, 833.4606),
    (22, 2020, 16150.9304813473, 3.155, 37515748, 59.8738141138092, 2790, 10.477693, 0, 780.3, 5, 235, 772.38324),
    (22, 2021, 18635.5104895754, 3.268, 36981559, 59.8096513205543, 7810, 8.92972, 0, 765.7, 3, 224, 719.09393),
    (22, 2022, 18891.2121169279, 2.811, 36821749, 59.8315488048321, 9825, 9.732066, 0, 657.4, 0, 242, 783.6216),
    (22, 2023, 22145.2660647429, 2.743, 36687353, 59.8859561370214, 9495, 10.606598, 0, 755.0, 2, 211, 816.4263),
    (23, 2010, 22551.935098809, 10.771, 10573100, 61.0788867241731, 160, 16.529732, 0, 857.8, 5, 265, 1194.7244),
    (23, 2011, 23246.5425416481, 12.715, 10557560, 61.1410698395502, 275, 16.782608, 0, 549.2, 5, 293, 1211.4583),
    (23, 2012, 20593.4274224109, 15.509, 10514844, 61.1409793914666, 295, 16.128708, 0, 472.80002, 3, 309, 1204.2803),
    (23, 2013, 21676.4859642714, 16.237, 10457295, 61.1405315215642, 505, 16.204891, 0, 552.60004, 4, 289, 1192.457),
    (23, 2014, 22120.6850127107, 13.88, 10401062, 61.1394537361116, 445, 16.511398, 0, 776.60004, 5, 260, 1105.8813),
    (23, 2015, 19215.7813014347, 12.405, 10358076, 61.137469211538, 895, 16.671627, 0, 353.2, 2, 313, 1205.8562),
    (23, 2016, 19980.2808866516, 11.058, 10325452, 61.1343011242723, 1465, 16.726408, 0, 595.7, 3, 279, 1203.6453),
    (23, 2017, 21442.3842768879, 8.878, 10300300, 61.1296726507436, 1750, 17.121895, 1, 410.0, 4, 316, 1311.0504),
    (23, 2018, 23541.1401075289, 6.966, 10283822, 61.1233069673808, 1285, 16.429276, 3, 634.10004, 3, 285, 1145.84),
    (23, 2019, 23343.3628970034, 6.422, 10286263, 61.114927250613, 1820, 16.62536, 0, 487.69998, 5, 292, 1195.96),
    (23, 2020, 22299.4044062173, 6.85, 10297081, 61.1042566768691, 1000, 17.024555, 1, 562.8, 3, 286, 1176.0504),
    (23, 2021, 24711.4510062111, 6.712, 10361831, 61.0951249296597, 1540, 16.651342, 0, 554.4, 5, 295, 1196.2128),
    (23, 2022, 24620.5197587181, 6.138, 10434332, 61.1259255772782, 2120, 17.373013, 1, 773.0, 12, 274, 1200.5944),
    (23, 2023, 27634.6183139773, 6.498, 10578174, 61.2048652633664, 2695, 17.525429, 0, 462.5, 3, 299, 1282.5259),
    (24, 2010, 8399.5374234284, 6.959, 20246871, 53.9038227941329, 885, 11.798462, 0, 730.7, 2, 237, 901.09375),
    (24, 2011, 9560.6755277458, 7.177, 20147528, 53.9608874244169, 1720, 11.523381, 0, 456.8, 3, 289, 957.49554),
    (24, 2012, 8929.95366231474, 6.794, 20058035, 53.9563092496073, 2510, 12.281445, 6, 651.5, 3, 276, 1029.7759),
    (24, 2013, 9497.67411615237, 7.096, 19983693, 53.9101758034365, 1495, 12.581035, 0, 639.3, 4, 264, 971.2929),
    (24, 2014, 10031.7710755404, 6.802, 19908979, 53.8267187624053, 1545, 12.038455, 0, 889.1, 6, 246, 878.18036),
    (24, 2015, 8977.01748158196, 6.812, 19815616, 53.7071839518893, 1260, 12.810636, 1, 601.2, 3, 274, 972.2114),
    (24, 2016, 9404.54005870715, 5.901, 19702267, 53.5528171972639, 1880, 12.26575, 0, 697.0, 4, 261, 930.1131),
    (24, 2017, 10727.9822007426, 4.927, 19588715, 53.3648643239046, 4815, 11.642974, 0, 795.5, 6, 272, 961.6767),
    (24, 2018, 12416.134317959, 4.187, 19473970, 53.1445711571868, 2135, 12.294121, 0, 698.3, 4, 243, 993.89667),
    (24, 2019, 12909.6104013244, 3.912, 19371648, 52.8931835224862, 2590, 13.027717, 0, 617.9, 3, 256, 998.78143),
    (24, 2020, 13009.1770573223, 5.035, 19265250, 52.611947245178, 6155, 13.183771, 0, 620.7, 5, 275, 1068.1498),
    (24, 2021, 14907.9803652143, 5.59, 19122059, 52.2321512130811, 9585, 11.901906, 0, 671.3, 3, 253, 935.2713),
    (24, 2022, 15503.551804598, 5.614, 19048502, 52.1634832477272, 12355, 12.906227, 0, 444.30002, 3, 288, 1068.5729),
    (24, 2023, 18244.4186876321, 5.589, 19061062, 52.1645747011867, 10095, 13.809344, 1, 597.1, 3, 268, 1085.6565),
    (25, 2010, 52542.5759090299, 8.61, 9378126, 85.1334228515625, 31940, 5.3334017, 0, 569.6, 2, 261, 558.82886),
    (25, 2011, 60379.4814599322, 7.804, 9449213, 85.3600748880524, 29710, 7.7151313, 0, 536.7, 2, 265, 597.6289),
    (25, 2012, 57749.5615420853, 7.976, 9519374, 85.6250668883122, 43945, 6.6836076, 0, 839.1, 5, 223, 548.8136),
    (25, 2013, 60843.9888799369, 8.052, 9600379, 85.9249771259894, 54365, 7.021056, 0, 491.1, 0, 257, 588.3563),
    (25, 2014, 59583.4584491714, 7.954, 9696110, 86.2563838747314, 81325, 8.15988, 0, 556.2, 0, 246, 598.25214),
    (25, 2015, 51188.1652120493, 7.432, 9799186, 86.6158654081858, 162550, 8.083579, 0, 675.7, 2, 240, 588.5692),
    (25, 2016, 51703.5088332851, 6.99, 9923085, 87.0, 28860, 7.4957037, 0, 454.6, 2, 270, 617.9011),
    (25, 2017, 53210.2233318965, 6.718, 10057698, 87.237373786911, 26370, 6.974275, 0, 582.1, 1, 243, 582.2375),
    (25, 2018, 54018.4554391861, 6.365, 10175214, 87.4737430925296, 28660, 7.900502, 0, 468.4, 0, 267, 706.02655),
    (25, 2019, 51648.9892820514, 6.833, 10278887, 87.7088420242759, 30365, 7.636124, 0, 703.6, 0, 235, 632.69006),
    (25, 2020, 52568.5726980146, 8.291, 10353442, 87.9424046895699, 20235, 8.789925, 0, 612.5, 1, 244, 674.9663),
    (25, 2021, 60647.5416365347, 8.803, 10415811, 88.1741651958315, 20420, 7.0897827, 0, 671.4, 3, 257, 610.2991),
    (25, 2022, 54836.8907235124, 7.417, 10486941, 88.4038576504809, 23845, 7.6465073, 0, 601.5, 3, 254, 645.01373),
    (25, 2023, 54950.2834725622, 7.611, 10536632, 88.631216160938, 17040, 7.0967293, 0, 772.0, 1, 227, 630.54285),
    (26, 2010, 23329.8417691156, 7.236, 2048583, 50.1194862794826, 245, 9.498997, 0, 1367.2, 13, 220, 712.56476),
    (26, 2011, 24940.6284841605, 8.166, 2052843, 49.9463818748723, 360, 11.103711, 0, 749.0, 10, 279, 848.5071),
    (26, 2012, 22442.1417859955, 8.841, 2057159, 49.7619476318359, 305, 10.808406, 0, 1209.7, 18, 245, 813.2443),
    (26, 2013, 23236.9655321695, 10.103, 2059953, 50.0466580754027, 270, 10.453819, 0, 1231.8, 13, 224, 763.76544),
    (26, 2014, 24013.0682060959, 9.668, 2061980, 50.983470916748, 385, 11.52475, 0, 1507.9, 19, 201, 728.8854),
    (26, 2015, 20697.2748530619, 8.962, 2063531, 53.6612160294144, 275, 11.250817, 0, 1005.3, 14, 254, 796.3902),
    (26, 2016, 21447.8377796036, 8.0, 2065042, 53.647274017334, 1310, 10.8873, 0, 1246.8, 15, 219, 752.0351),
    (26, 2017, 23303.077705959, 6.564, 2066388, 55.2451133728027, 1475, 10.510022, 0, 1343.1, 24, 247, 844.8318),
    (26, 2018, 25888.0481065655, 5.108, 2073894, 55.1913430955675, 2875, 11.097877, 0, 1112.9, 11, 231, 796.1414),
    (26, 2019, 25814.1687167572, 4.446, 2088385, 55.4523277282715, 3820, 11.092374, 0, 1345.7, 20, 228, 804.0798),
    (26, 2020, 25392.0651093612, 4.971, 2102419, 55.384391784668, 3550, 10.802014, 0, 1275.0, 20, 232, 825.02075),
    (26, 2021, 29192.8401933019, 4.744, 2108079, 55.3046289429588, 5300, 10.262203, 0, 1105.1, 16, 241, 827.7764),
    (26, 2022, 28360.3041467268, 4.011, 2112076, 55.3377817873563, 6785, 11.503962, 0, 940.5, 11, 258, 893.3258),
    (26, 2023, 32660.4753581346, 3.652, 2120461, 55.5378927789875, 7260, 11.281353, 0, 1602.4, 28, 231, 818.4774),
    (27, 2010, 16899.448680529, 14.387, 5391428, 54.5650740704331, 540, 9.669164, 0, 843.9, 5, 242, 769.2681),
    (27, 2011, 18469.4354316836, 13.634, 5398384, 54.4167387988534, 490, 11.036989, 0, 478.7, 1, 275, 889.5938),
    (27, 2012, 17516.9691054078, 13.966, 5407579, 54.2764528316182, 730, 11.573293, 1, 523.9, 2, 273, 954.0763),
    (27, 2013, 18312.7805149823, 14.226, 5413393, 54.1384024098892, 440, 10.786796, 1, 698.4, 2, 246, 828.8219),
    (27, 2014, 18770.9289896545, 11.536, 5418649, 54.0029125499893, 330, 12.034632, 0, 811.6, 6, 245, 823.14856),
    (27, 2015, 16442.0760860018, 11.492, 5423801, 53.8700628001622, 330, 11.909461, 0, 544.2, 5, 269, 902.5108),
    (27, 2016, 16636.0769133073, 9.679, 5430798, 53.7399327086517, 145, 11.346432, 0, 630.4, 2, 243, 842.2842),
    (27, 2017, 17645.5298716761, 8.142, 5439232, 53.6126018237016, 165, 11.34831, 1, 556.2, 1, 264, 974.25305),
    (27, 2018, 19573.3717031314, 6.544, 5446771, 53.4881496935559, 175, 12.342381, 0, 573.4, 2, 247, 974.0194),
    (27, 2019, 19406.0589683582, 5.761, 5454147, 53.3666558664583, 230, 12.074162, 0, 630.5, 1, 250, 927.2468),
    (27, 2020, 19735.4858280801, 6.719, 5458827, 53.2481998906526, 280, 11.562449, 0, 716.9, 3, 249, 911.7042),
    (27, 2021, 22123.3342114545, 6.894, 5447247, 53.1901479870605, 370, 10.79391, 0, 611.2, 2, 264, 904.7072),
    (27, 2022, 21317.7943982363, 6.143, 5431752, 53.1902831072528, 545, 11.938368, 0, 527.60004, 0, 262, 986.67694),
    (27, 2023, 24614.8734642794, 5.843, 5426740, 53.190805019646, 415, 12.215262, 0, 735.4, 5, 240, 929.6085);

-- MODEL 1 (asylum applications) -- DB-served parameters + scaler
CREATE TABLE IF NOT EXISTS model1_params (
    sequence_number INT,
    feature_names   TEXT,
    beta_vals       TEXT
);

-- Asylum-applications model (TERRA Model 1), linear regression on log1p(target).
-- beta_vals = [intercept, *coefs] aligned to feature_names. `year`, population,
-- urban_pct, precip_total, evapotrans_total were dropped during model tuning
-- (out-of-range extrapolation + multicollinearity); see terra_model_1.py.
INSERT INTO model1_params (sequence_number, feature_names, beta_vals) VALUES
    (1, '["gdp_per_capita", "unemployment_rate", "temp_mean", "heatwave_days", "precip_days_heavy", "dry_days", "country_code_BE", "country_code_BG", "country_code_CY", "country_code_CZ", "country_code_DE", "country_code_DK", "country_code_EE", "country_code_ES", "country_code_FI", "country_code_FR", "country_code_GR", "country_code_HR", "country_code_HU", "country_code_IE", "country_code_IT", "country_code_LT", "country_code_LU", "country_code_LV", "country_code_MT", "country_code_NL", "country_code_PL", "country_code_PT", "country_code_RO", "country_code_SE", "country_code_SI", "country_code_SK"]', '[8.180341, -1.083912, -0.301879, 1.376354, 0.019864, -0.055672, -0.263717, -0.010612, -0.628925, -1.098148, -0.758295, 0.397814, -0.020232, -0.95675, -0.346945, 0.038745, 0.136841, -0.494162, -1.328243, -0.526091, -0.294667, -0.236411, -0.756931, 0.175468, -0.886252, -1.202774, -0.015457, -0.365042, -1.167962, -0.863307, 0.48861, -0.861529, -1.011627]');

-- StandardScaler parameters (one entry per feature, same order as above).
CREATE TABLE IF NOT EXISTS model1_scaler (
    sequence_number INT,
    feature_means   TEXT,
    feature_stds    TEXT
);

INSERT INTO model1_scaler (sequence_number, feature_means, feature_stds) VALUES
    (1, '[33185.727984, 9.589556, 11.565159, 2.024691, 3.530864, 250.26749, 0.037037, 0.037037, 0.037037, 0.037037, 0.037037, 0.037037, 0.037037, 0.037037, 0.037037, 0.037037, 0.037037, 0.037037, 0.037037, 0.037037, 0.037037, 0.037037, 0.037037, 0.037037, 0.037037, 0.037037, 0.037037, 0.037037, 0.037037, 0.037037, 0.037037, 0.037037]', '[22651.161882, 4.844786, 3.707311, 7.427524, 3.502215, 31.255591, 0.188853, 0.188853, 0.188853, 0.188853, 0.188853, 0.188853, 0.188853, 0.188853, 0.188853, 0.188853, 0.188853, 0.188853, 0.188853, 0.188853, 0.188853, 0.188853, 0.188853, 0.188853, 0.188853, 0.188853, 0.188853, 0.188853, 0.188853, 0.188853, 0.188853, 0.188853]');

-- Climate-variables model (TERRA Model 2), multivariate linear regression.
-- Predicts heatwave_days, precip_days_heavy, and dry_days simultaneously from
-- economic + demographic + asylum inputs + country_code (one-hot).
-- intercepts  = JSON list of 3 floats (one per target, in TARGETS order)
-- coef_matrix = JSON list-of-lists, shape (3 × n_features_after_transform)
CREATE TABLE IF NOT EXISTS model2_params (
    sequence_number       INT,
    target_names          TEXT,   -- JSON list: ["heatwave_days", ...]
    numeric_feature_names TEXT,   -- JSON list of 5 numeric input names
    intercepts            TEXT,   -- JSON list of 3 intercept values
    coef_matrix           TEXT    -- JSON 3×N coefficient matrix
);

-- StandardScaler parameters for the 5 numeric inputs (fitted on training set).
CREATE TABLE IF NOT EXISTS model2_scaler (
    sequence_number INT,
    feature_means   TEXT,         -- JSON list of 5 means
    feature_stds    TEXT          -- JSON list of 5 standard deviations
);

-- OneHotEncoder category list for country_code.
-- categories = JSON list-of-lists, one inner list per categorical feature
-- (we only have one: country_code, so it is [[...27 country codes...]]).
CREATE TABLE IF NOT EXISTS model2_encoder (
    sequence_number INT,
    categories      TEXT
);

INSERT INTO model2_params (sequence_number, target_names, numeric_feature_names, intercepts, coef_matrix) VALUES
    (1, '["heatwave_days", "precip_days_heavy", "dry_days"]', '["gdp_per_capita", "unemployment_rate", "population", "urban_pct", "asylum_applications"]', '[2.178098, 4.180556, 249.157351]', '[[-0.274306, -0.582799, 3.897121, 0.608021, 0.31685, -0.957097, -2.029462, -0.933391, 38.028521, -1.737593, -16.588309, -0.941919, 0.673002, 1.097562, -0.008487, -12.212643, 11.117978, 1.345987, -0.959183, 1.056867, -8.735512, 0.575696, 0.485114, 0.760912, 1.197651, -3.562758, -6.161892, -0.16947, -1.717047, -1.823661, 1.198855, 1.000281], [0.213234, -0.238607, -12.875671, 7.033476, -0.119123, -3.290298, -13.226354, -6.349959, -8.547075, -4.850858, 35.0329, -18.185262, -10.323278, 14.863684, -8.974175, 27.33898, -5.720611, 7.099407, -2.734605, -2.175338, 34.984389, -6.542005, -23.353886, -7.980013, -24.11754, -12.329513, 19.608707, 3.760425, 12.715216, -15.140063, 15.050279, 3.386847], [-7.319419, -0.36796, -29.599015, -32.791461, -0.738036, -15.532325, 8.559288, -13.547671, 18.549023, -15.673574, 114.230011, 16.578266, -63.69174, 109.032311, -35.689224, 74.475425, 58.204949, -67.750482, -13.633763, -72.229257, 66.150221, -67.796302, 35.375482, -69.524871, 93.678128, 21.821558, -22.690492, -2.348889, -39.817659, 41.327239, -89.850646, -68.205007]]');

INSERT INTO model2_scaler (sequence_number, feature_means, feature_stds) VALUES
    (1, '[34761.956359, 8.319046, 15690928.006623, 72.217129, 22680.496689]', '[22984.32931, 4.395646, 20583963.250286, 12.123008, 48816.522986]');

INSERT INTO model2_encoder (sequence_number, categories) VALUES
    (1, '[["AT", "BE", "BG", "CY", "CZ", "DE", "DK", "EE", "ES", "FI", "FR", "GR", "HR", "HU", "IE", "IT", "LT", "LU", "LV", "MT", "NL", "PL", "PT", "RO", "SE", "SI", "SK"]]');

-- NGO tables (used by Diana's humanitarian coordinator routes)
CREATE TABLE IF NOT EXISTS WorldNGOs (
    NGO_ID INT AUTO_INCREMENT PRIMARY KEY,
    Name VARCHAR(255) NOT NULL,
    Country VARCHAR(100) NOT NULL,
    Founding_Year INTEGER,
    Focus_Area VARCHAR(100),
    Website VARCHAR(255),
    Notes TEXT
);

CREATE TABLE IF NOT EXISTS Projects (
    Project_ID INT AUTO_INCREMENT PRIMARY KEY,
    Project_Name VARCHAR(255) NOT NULL,
    Focus_Area VARCHAR(100),
    Budget DECIMAL(15, 2),
    NGO_ID INT,
    Start_Date DATE,
    End_Date DATE,
    FOREIGN KEY (NGO_ID) REFERENCES WorldNGOs(NGO_ID)
);


CREATE TABLE IF NOT EXISTS Donors (
    Donor_ID INT AUTO_INCREMENT PRIMARY KEY,
    Donor_Name VARCHAR(255) NOT NULL,
    Donor_Type ENUM('Individual', 'Organization') NOT NULL,
    Donation_Amount DECIMAL(15, 2),
    NGO_ID INT,
    FOREIGN KEY (NGO_ID) REFERENCES WorldNGOs(NGO_ID)
);


INSERT INTO WorldNGOs (Name, Country, Founding_Year, Focus_Area, Website) VALUES
('World Wildlife Fund', 'United States', 1961, 'Environmental Conservation', 'https://www.worldwildlife.org'),
('Doctors Without Borders', 'France', 1971, 'Medical Relief', 'https://www.msf.org'),
('Oxfam International', 'United Kingdom', 1995, 'Poverty and Inequality', 'https://www.oxfam.org'),
('Amnesty International', 'United Kingdom', 1961, 'Human Rights', 'https://www.amnesty.org'),
('Save the Children', 'United States', 1919, 'Child Welfare', 'https://www.savethechildren.org'),
('Greenpeace', 'Netherlands', 1971, 'Environmental Protection', 'https://www.greenpeace.org'),
('International Red Cross', 'Switzerland', 1863, 'Humanitarian Aid', 'https://www.icrc.org'),
('CARE International', 'Switzerland', 1945, 'Global Poverty', 'https://www.care-international.org'),
('Habitat for Humanity', 'United States', 1976, 'Affordable Housing', 'https://www.habitat.org'),
('Plan International', 'United Kingdom', 1937, 'Child Rights', 'https://plan-international.org');

