country,date,GDP,Fossil_Fuels,CO2_emit,Urban_pop
Austria,1990,21680.989623313,79.1323454283578,58275.7,4833974.0
Austria,1991,22410.9117666654,79.1270071565054,62423.2,4861464.0
Austria,1992,24880.1641180361,77.2372111742877,57668.0,4893935.0
Austria,1993,24081.5277928004,77.0111424905957,57804.0,4912877.0
Austria,1994,25646.7006591684,77.5857075750902,58288.2,4910076.0
Austria,1995,30325.8495818396,77.9827986809595,61186.4,4895821.0
Austria,1996,29809.0767730821,78.1981869435088,64902.9,4880469.0
Austria,1997,26705.4785993891,78.4161240499479,64224.1,4864091.0
Austria,1998,27361.8751106437,78.5155637093458,64673.1,4847335.0
Austria,1999,27183.4759263956,76.6073284458913,63055.1,4834637.0
Austria,2000,24625.6007227434,76.5352922346138,63538.6,4824004.0
Austria,2001,24558.7636778868,76.8963890335462,67914.4,4820068.0
Austria,2002,26527.5930910347,77.3108741675121,69374.2,4821291.0
Austria,2003,32294.0488606559,78.1444293048315,74467.9,4822095.0
Austria,2004,36889.2335135194,77.699293658191,75802.1,4829142.0
Austria,2005,38417.4577857677,77.0304294299819,76242.4,4839033.0
Austria,2006,40669.3269586152,74.6983342403424,74104.4,4839801.0
Austria,2007,46915.3374004507,72.6297785377108,71248.0,4832038.0
Austria,2008,51919.9835754226,71.5548631026855,70734.7,4823638.0
Austria,2009,48153.3240199631,69.8365077164139,64420.7,4812679.0
Austria,2010,46903.7615854343,70.2670570317288,69965.1,4800510.0
Austria,2011,51442.2762464407,69.1541833994512,68276.0,4792887.0
Austria,2012,48564.9173350875,67.3025067863473,65112.0,4817487.0
Austria,2013,50731.1272541847,66.2538035085394,65752.7,4861991.0
Austria,2014,51786.3771747905,64.8131564661468,62054.5,4916377.0
Austria,2015,44195.8175947748,65.6618219894727,63254.7,4988134.0
Belgium,1990,20600.3752789827,75.8158699605793,109312.6,9606261.0
Belgium,1991,21041.6606519648,76.3970068269749,113960.1,9650427.0
Belgium,1992,23372.619171015,75.932201019897,112329.3,9697796.0
Belgium,1993,22283.9360213551,75.9350151554047,110108.3,9743821.0
Belgium,1994,24208.5547931447,77.649374811826,114901.4,9781788.0
Belgium,1995,28413.8264387368,77.4056975302647,114568.7,9810102.0
Belgium,1996,27489.5551770488,77.6444837949628,119448.4,9836805.0
Belgium,1997,24820.9380503896,75.8983187385392,116634.7,9868070.0
Belgium,1998,25338.4432934904,77.0485270457957,119412.8,9896510.0
Belgium,1999,25252.8019066564,75.7901428991254,115514.5,9926274.0
Belgium,2000,23098.8865077401,75.8540863960788,117274.6,9956937.0
Belgium,2001,23015.0712632462,75.6282926275786,118339.8,9997106.0
Belgium,2002,25006.191397109,74.4701814763315,110850.2,10047703.0
Belgium,2003,30655.2092679024,75.232845873978,115502.1,10095562.0
Belgium,2004,35429.4077933344,75.0194585935233,113350.8,10144977.0
Belgium,2005,36809.7013403619,74.7639489844314,110960.2,10206487.0
Belgium,2006,38705.1067959147,73.9425114862405,108081.5,10279407.0
Belgium,2007,44319.165448813,72.6665499302844,103905.8,10360589.0
Belgium,2008,48303.397956286,73.3936320880596,106715.4,10448114.0
Belgium,2009,44760.2912443709,72.6400231167136,99904.4,10537701.0
Belgium,2010,44184.946353964,72.7936170372105,106872.8,10639649.0
Belgium,2011,47410.5669277464,70.2544959262826,96488.2,10784163.0
Belgium,2012,44670.5606845101,71.1157141124069,95275.6,10856360.0
Belgium,2013,46757.9518559598,70.820305796114,96550.6,10912673.0
Belgium,2014,47764.0715120833,72.6525048356486,90362.4,10966157.0
Belgium,2015,41008.296719472,75.8707843536824,95096.0,11034732.0
Bulgaria,1990,2366.52982128614,84.1211555653564,73605.7,5786939.0
Bulgaria,1991,1267.73437541485,81.8730048286446,58826.5,5759256.0
Bulgaria,1992,1211.98087810931,82.4889241407183,55364.1,5726692.0
Bulgaria,1993,1278.52511370319,81.9196818576677,55925.2,5704408.0
Bulgaria,1994,1148.4943993817,79.8478003596429,53724.0,5704237.0
Bulgaria,1995,2259.25922555221,78.7710016942074,54882.8,5697800.0
Bulgaria,1996,1470.19259250682,77.4812401154173,55301.7,5687307.0
Bulgaria,1997,1361.40938439884,76.8216465897374,52994.6,5671407.0
Bulgaria,1998,1820.44866449942,76.1415318295048,50477.5,5652100.0
Bulgaria,1999,1659.71861105493,74.7372620633026,44322.0,5638810.0
Bulgaria,2000,1621.26210738992,72.3850411748848,43421.1,5629167.0
Bulgaria,2001,1770.90704918691,73.1454631425634,46185.6,5539603.0
Bulgaria,2002,2092.98288625558,70.4665561092248,43599.9,5448708.0
Bulgaria,2003,2719.49436859287,74.0906022391055,47933.3,5433321.0
Bulgaria,2004,3389.68743360274,73.9769293902061,47265.7,5419782.0
Bulgaria,2005,3899.82596332878,72.9612547766738,47985.6,5406009.0
Bulgaria,2006,4523.1465578805,72.4792439088174,48954.8,5391557.0
Bulgaria,2007,5888.77685220636,77.7206583262712,52598.7,5378166.0
Bulgaria,2008,7271.30338858025,76.1421363788758,50039.3,5366322.0
Bulgaria,2009,6988.27316296465,73.0238178824845,42907.8,5357245.0
Bulgaria,2010,6863.66706774052,73.1645429106842,44740.6,5347166.0
Bulgaria,2011,7857.16706984441,75.0439512978541,49637.6,5337678.0
Bulgaria,2012,7430.7373804242,72.1871003864391,45023.1,5331472.0
Bulgaria,2013,7687.71368243317,70.2084792905056,39660.7,5326274.0
Bulgaria,2014,7912.27484371138,71.0459225220269,42054.4,5320503.0
Croatia,1995,4930.33530861222,76.8640510627956,15452.9,2415305.0
Croatia,1996,5298.88508010941,74.4857179254336,15254.4,2392886.0
Croatia,1997,5330.32889310394,77.1322144875029,17069.6,2391671.0
Croatia,1998,5711.48570357941,78.2325137220943,18527.5,2400581.0
Croatia,1999,5267.51220732922,78.2743707681995,18513.6,2400611.0
Croatia,2000,4952.37775298931,77.9085001612781,18034.4,2387324.0
Croatia,2001,5364.01024143422,77.7875080113597,19196.0,2306414.0
Croatia,2002,6219.47321325884,79.7087521961615,20276.7,2315000.0
Croatia,2003,8192.32263343511,79.5043878047029,21607.9,2322932.0
Croatia,2004,9723.38102385632,78.0395299623686,21092.7,2330812.0
Croatia,2005,10446.3614889222,77.0328017241247,21445.0,2341055.0
Croatia,2006,11505.399839938,77.640036380428,21598.3,2348849.0
Croatia,2007,13762.4562630334,79.6582710740328,22872.0,2355577.0
Croatia,2008,15898.7998960876,78.0516061170525,21726.3,2362537.0
Croatia,2009,14421.1714758536,76.1296542677746,20305.9,2367290.0
Croatia,2010,13693.5000292691,74.2949719561098,19457.3,2369143.0
Croatia,2011,14655.8743881973,74.6370982792933,19027.6,2368126.0
Croatia,2012,13439.6645555189,72.2377621242352,17403.0,2368751.0
Croatia,2013,13979.1855602956,71.3032462860036,17010.6,2370674.0
Croatia,2014,14001.1603438958,70.7036623421282,16236.4,2370234.0
Cyprus,1990,9641.5751953125,99.5504398173923,4591.2,526529.0
Cyprus,1991,9696.099609375,99.6023274610834,5109.0,536873.0
Cyprus,1992,11310.072265625,99.6497969370623,5479.7,547835.0
Cyprus,1993,10526.1416015625,99.6752479293195,5735.8,559952.0
Cyprus,1994,11617.6923828125,99.2772157681934,5977.9,573504.0
Cyprus,1995,15261.41015625,97.3660842562747,5848.0,586772.0
Cyprus,1996,15139.2265625,97.5930946539924,6211.3,599856.0
Cyprus,1997,14234.244140625,97.5864425725405,6304.9,612820.0
Cyprus,1998,15092.826171875,97.677292296233,6610.0,625673.0
Cyprus,1999,15287.9189453125,97.6916192591235,6871.1,638398.0
Cyprus,2000,14388.34765625,97.8604881007199,7127.7,650946.0
Cyprus,2001,14821.447265625,97.8273938327575,6992.1,663504.0
Cyprus,2002,16093.21484375,97.7756552510606,7168.5,674708.0
Cyprus,2003,20252.23828125,97.8101748386258,7834.1,685770.0
Cyprus,2004,23792.62109375,97.5007966536882,7778.8,696882.0
Cyprus,2005,24959.259765625,97.4315706565891,7900.8,707981.0
Cyprus,2006,26729.32421875,97.5068932877896,7999.4,719017.0
Cyprus,2007,31244.92578125,96.7166461124675,8307.1,730040.0
Cyprus,2008,35397.36328125,96.1058446007409,8490.7,741066.0
Cyprus,2009,32109.2421875,95.7814844337477,8276.1,752074.0
Cyprus,2010,31023.267578125,95.3906538183929,7898.4,763114.0
Cyprus,2011,32395.75390625,94.8940948336657,7634.6,771857.0
Cyprus,2012,28910.74609375,94.165524866543,7098.8,777911.0
Cyprus,2013,27727.53515625,92.9908098356461,6427.7,783467.0
Cyprus,2014,27162.322265625,92.9062150260328,6811.8,788952.0
Czechia,1990,3941.50309406941,91.6258468911879,153149.3,7772750.0
Czechia,1991,2896.60913065504,91.7465882980453,139757.1,7747721.0
Czechia,1992,3372.86542951101,90.4787440159465,136842.4,7742438.0
Czechia,1993,3956.1783495613,89.7009840471309,130982.2,7737165.0
Czechia,1994,4630.55121674353,88.4835988430397,125199.7,7726630.0
Czechia,1995,5824.12129119574,89.2630698676591,124519.0,7708571.0
Czechia,1996,6532.83705470198,89.2616392628893,128483.7,7686196.0
Czechia,1997,6034.48843731935,89.5531404215057,126005.8,7664419.0
Czechia,1998,6489.7036188033,88.81523707045,119767.3,7643675.0
Czechia,1999,6337.41912037126,87.9310134311233,112359.9,7622397.0
Czechia,2000,6029.03819275358,89.962835459286,124716.7,7587516.0
Czechia,2001,6637.04165713981,89.0209378258251,124341.3,7547721.0
Czechia,2002,8060.86870292424,86.8719392271477,120209.9,7526242.0
Czechia,2003,9818.56849307488,84.2496042476403,123372.9,7517054.0
Czechia,2004,11749.8526643577,83.6902433837101,123786.0,7512306.0
Czechia,2005,13430.6698955613,83.6751207215882,121893.6,7515659.0
Czechia,2006,15261.7975911138,82.9781730781546,122553.6,7528974.0
Czechia,2007,18466.5479299216,83.0622773413802,124432.8,7565828.0
Czechia,2008,22804.5776774507,81.4233055710291,118718.3,7621676.0
Czechia,2009,19861.6974295256,79.6576977172214,113246.1,7657912.0
Czechia,2010,19960.0684872157,80.559800806804,114167.6,7673029.0
Czechia,2011,21871.2660754128,79.2873391262345,111220.1,7681562.0
Czechia,2012,19870.8012123403,77.20089282697,107320.2,7693579.0
Czechia,2013,20133.1691431353,77.1817694354636,102910.3,7705910.0
Czechia,2014,19890.9199056648,75.2785222475024,99960.6,7723921.0
Czechia,2015,17829.6983223668,77.7345870580784,101167.5,7748928.0
Denmark,1990,26891.4464489571,89.5905186206529,51978.0,4361727.0
Denmark,1991,27011.3774590051,94.0844192736689,62700.3,4374504.0
Denmark,1992,29569.6603567112,90.7248879782048,56970.3,4390390.0
Denmark,1993,27597.9752286357,91.7570149714862,59301.1,4406442.0
Denmark,1994,29995.5796235479,94.6384716257977,63171.5,4422754.0
Denmark,1995,35351.3654606819,92.3630409445,60038.4,4447268.0
Denmark,1996,35650.7140860994,98.5262624585134,73375.1,4473929.0
Denmark,1997,32835.9399398833,94.3666638164267,63617.3,4493986.0
Denmark,1998,33368.142415092,92.6766256004631,59710.3,4511769.0
Denmark,1999,33440.7948054204,90.892894575195,56728.5,4528106.0
Denmark,2000,30743.5476816354,88.2800504024992,52602.0,4544013.0
Denmark,2001,30751.654348268,88.2707013007272,54245.4,4563004.0
Denmark,2002,33228.6935448819,87.9899084650889,53839.7,4582981.0
Denmark,2003,40458.7773986609,89.6796771920172,59234.0,4601394.0
Denmark,2004,46511.5983324305,85.4747882362454,53727.6,4624434.0
Denmark,2005,48799.8256011275,82.1873030525818,50201.9,4652908.0
Denmark,2006,52026.9995142723,86.6366222223976,58134.0,4681382.0
Denmark,2007,58487.0549677696,82.0366135499006,53411.4,4712839.0
Denmark,2008,64322.0635020842,80.1313683361241,50127.7,4751268.0
Denmark,2009,58163.2768762815,79.5758042575441,47933.6,4785983.0
Denmark,2010,58041.3984363385,78.2742257090851,48124.8,4815111.0
Denmark,2011,61753.647131977,74.8222782100362,43098.0,4844002.0
Denmark,2012,58507.5080517852,70.8623706607139,38216.2,4872608.0
Denmark,2013,61191.1937042028,70.2593871097906,39960.7,4901386.0
Denmark,2014,62548.9847332908,67.7045581238811,35820.0,4932961.0
Denmark,2015,53254.8563700916,64.9270894675666,33704.9,4974525.0
Estonia,1995,3134.38975345407,28.0047305722836,16498.1,1009954.0
Estonia,1996,3380.92630243199,27.9745624170002,17480.0,992487.0
Estonia,1997,3682.95230146695,27.5180340245522,17858.5,978597.0
Estonia,1998,4093.39247738765,31.2408643124291,16427.8,966608.0
Estonia,1999,4140.93660232167,32.2073055951788,15487.3,966817.0
Estonia,2000,4070.60902410208,28.6516233078236,14932.5,969061.0
Estonia,2001,4505.85833233188,31.874953468513,15231.7,961159.0
Estonia,2002,5341.62894677002,29.5870558288905,14795.1,953352.0
Estonia,2003,7203.52303786646,28.3068900453646,16682.0,945646.0
Estonia,2004,8914.10355674451,29.2458584875322,16755.0,938279.0
Estonia,2005,10412.6443137966,30.2847036757074,16807.7,931205.0
Estonia,2006,12639.4000677296,31.4113867223418,16090.0,924006.0
Estonia,2007,16744.5844516343,28.5986648091688,19765.8,918084.0
Estonia,2008,18204.9664786762,28.0720192126046,17481.5,913914.0
Estonia,2009,14711.7352728223,23.2880943203542,14047.9,910446.0
Estonia,2010,14663.0446126465,20.5748577715591,18500.4,906655.0
Estonia,2011,17487.8047830922,18.8779781157611,18502.6,902194.0
Estonia,2012,17403.2053254767,19.5597493844909,16989.0,899089.0
Estonia,2013,19056.0019226989,17.1986297458196,18846.5,897846.0
Estonia,2014,20261.0667303886,14.4902911133818,17594.9,897427.0
Estonia,2015,17402.0376128079,13.0562153357344,14377.1,899949.0
Finland,1990,28364.6450765922,55.4701768921455,54562.8,3957581.0
Finland,1991,25484.7392935746,56.5622055798828,55132.7,4003120.0
Finland,1992,22319.059460246,53.9284913407299,52280.5,4040047.0
Finland,1993,17608.8123902264,54.8054549714533,53461.8,4073879.0
Finland,1994,20301.333085866,56.8847441514731,59927.6,4105674.0
Finland,1995,26271.5998141691,52.9464571973764,56092.5,4135420.0
Finland,1996,25783.4504878611,55.6521575600797,62574.4,4162332.0
Finland,1997,24691.8728133698,53.2654293083833,60624.0,4187218.0
Finland,1998,26009.2694886182,51.4975218349994,57265.6,4210769.0
Finland,1999,26186.1900105755,50.7932485845569,56509.9,4232899.0
Finland,2000,24345.9148217032,49.7867013796177,55097.5,4253964.0
Finland,2001,24967.7925153182,50.3344195259089,61088.1,4273258.0
Finland,2002,26997.7529897788,51.3468472390785,63439.7,4290649.0
Finland,2003,32927.6802919408,54.4223957521716,71708.1,4307931.0
Finland,2004,37772.1781110398,53.3348435194718,67682.9,4327463.0
Finland,2005,39054.8504423825,49.1854771005222,55460.2,4349276.0
Finland,2006,41222.6020004611,51.7060955208221,67024.9,4372951.0
Finland,2007,48476.3927287052,49.8206882858933,65102.7,4398523.0
Finland,2008,53772.7942390019,47.7186223640103,56660.1,4426008.0
Finland,2009,47481.4845364339,48.4789118680744,54180.9,4454167.0
Finland,2010,46505.3031791811,48.800028810787,62526.4,4492880.0
Finland,2011,51148.9316365833,46.9886280150822,55123.4,4543014.0
Finland,2012,47708.0612784469,43.0333637246216,49408.1,4593267.0
Finland,2013,49892.2233632732,42.6267230473743,50191.3,4629925.0
Finland,2014,50327.2402902632,42.1825267911597,46161.7,4651843.0
Finland,2015,42801.9081167285,40.2079829899529,42815.4,4669930.0
France,1990,21865.5552539348,58.1539584917482,356297.9,42985584.0
France,1991,21675.7060879719,57.9447844498674,380691.3,43466704.0
France,1992,23814.227367599,56.1597057816164,368655.7,43784946.0
France,1993,22380.331904695,54.1940255085975,349524.6,44076650.0
France,1994,23496.367675721,53.3134830299191,344475.4,44343217.0
France,1995,26889.4250554833,53.5738219802218,352283.1,44605346.0
France,1996,26870.2852380937,53.8475011646019,367959.6,44866400.0
France,1997,24226.8846867539,52.9006753811753,359140.5,45127383.0
France,1998,24971.5744885632,54.7942648653587,381182.3,45395596.0
France,1999,24678.3910613218,54.0187015137821,375003.6,45749812.0
France,2000,22416.425417915,52.8059388521141,373235.8,46221663.0
France,2001,22449.3396931175,53.4005781295709,376860.3,46717151.0
France,2002,24288.2700193508,52.8135340747216,371167.2,47215240.0
France,2003,29627.92426353,52.693992518837,376838.7,47708761.0
France,2004,33797.1624418436,52.4150385403935,377948.5,48218178.0
France,2005,34768.1759037525,52.2971079398512,380816.1,48737209.0
France,2006,36470.2128399313,51.8924519811957,371741.0,49233640.0
France,2007,41557.6235648179,51.685506010111,363052.2,49694312.0
France,2008,45515.9617533473,50.8434654962609,358211.2,50131182.0
France,2009,41737.7635518137,50.8516825886653,343882.5,50550197.0
France,2010,40676.0647913181,49.8363783215558,347940.1,50963811.0
France,2011,43846.4660764798,48.6769865100636,335031.9,51375729.0
France,2012,40870.8523645734,49.0120270700645,338315.4,51793062.0
France,2013,42602.7179652667,48.5435813113108,338453.1,52230911.0
France,2014,43068.5487241739,46.2259230612383,306017.4,52647802.0
France,2015,36652.9223052178,46.4879708722364,311175.4,53009026.0
Germany,1990,22303.9613266628,86.8378846422216,955307.7,58079842.0
Germany,1991,23357.757725073,87.0963647688039,932548.1,58625381.0
Germany,1992,26438.2303888417,85.9528487218234,892817.4,59146205.0
Germany,1993,25522.6295733618,86.009309164167,887057.0,59647492.0
Germany,1994,27076.60675014,86.0218094231372,875897.1,60028206.0
Germany,1995,31658.3493789135,85.8109547056758,874659.4,60378049.0
Germany,1996,30485.8665482279,85.9086975341013,904337.4,60725922.0
Germany,1997,26964.0494672673,84.6294606624236,872646.5,60986289.0
Germany,1998,27289.0593603191,84.9224619914077,865253.7,61167004.0
Germany,1999,26734.9425369252,83.9313716428922,833594.9,61376500.0
Germany,2000,23694.7604830673,83.6219751354806,830284.1,61629857.0
Germany,2001,23628.3272122367,83.6050330188045,847678.2,61902439.0
Germany,2002,25197.2656001848,83.2781567929544,833382.2,62174878.0
Germany,2003,30310.3575963774,83.1823140879026,836794.5,62376854.0
Germany,2004,34106.6581224001,82.5660216166658,821073.6,62529997.0
Germany,2005,34520.2396492496,81.8556762682578,802383.2,62660267.0
Germany,2006,36353.8803343631,81.2718831767448,814413.1,62753557.0
Germany,2007,41640.0808695147,81.2719501564706,783803.0,62833410.0
Germany,2008,45612.7106221441,80.8022517833709,789690.4,62875807.0
Germany,2009,41650.3678297162,79.9674688538157,734805.5,62877220.0
Germany,2010,41572.4559481507,79.560350259586,773069.1,62940432.0
Germany,2011,46705.8957963353,80.3702087567313,746477.3,61940177.0
Germany,2012,43855.8544658618,80.6252229786616,760127.7,62064608.0
Germany,2013,46298.9229177341,81.0882680135356,776151.8,62242278.0
Germany,2014,48023.8699845462,79.7105269369918,736011.7,62510392.0
Germany,2015,41103.2564363768,78.862551056755,742314.4,63062064.0
Greece,1990,9600.18523506603,94.5633807165641,75619.4,7287341.0
Greece,1991,10188.3697801238,94.0558441412448,75818.0,7392680.0
Greece,1992,11176.4584190614,94.3219625820746,78176.9,7462054.0
Greece,1993,10401.9830146096,94.1611940096502,78090.9,7518737.0
Greece,1994,11091.2838472779,94.2701135036555,79730.8,7569094.0
Greece,1995,12959.3242908115,93.8500600395513,82834.5,7617319.0
Greece,1996,13749.1151120679,93.4629999895318,82753.7,7663691.0
Greece,1997,13427.8325055002,93.5109472268787,83761.7,7714274.0
Greece,1998,13472.1376092623,94.0869481450655,87127.2,7770011.0
Greece,1999,13249.6633239242,94.1798350397627,87395.5,7812670.0
Greece,2000,12072.9293569196,94.5911932503073,94460.6,7857551.0
Greece,2001,12549.036894906,94.387342657927,96607.8,7919906.0
Greece,2002,14177.5721592705,94.0716597172761,96596.2,7991509.0
Greece,2003,18518.3788387396,93.9892259195107,100216.6,8052786.0
Greece,2004,21995.477943746,93.779444401372,99844.6,8114802.0
Greece,2005,22560.1472939077,93.4107380305851,101947.3,8180275.0
Greece,2006,24821.9367451879,92.8859917071343,100702.8,8246206.0
Greece,2007,28863.9732885018,93.0260213545142,104309.9,8308341.0
Greece,2008,32127.9831943287,92.7801542308939,100405.6,8371303.0
Greece,2009,29828.7560245271,92.3708331056732,94740.2,8433780.0
Greece,2010,26716.6488260274,90.3856027553296,87578.5,8484693.0
Greece,2011,25483.8825644931,90.8529640366756,84547.2,8511794.0
Greece,2012,21912.9982879517,90.1482336284077,80085.3,8505100.0
Greece,2013,21787.7877636035,88.0012527595895,72484.2,8482139.0
Greece,2014,21616.7100094908,86.0493171783821,69548.7,8463623.0
Greece,2015,18083.8779056547,82.5746351336883,68010.2,8445266.0
Hungary,1991,3350.25832349229,81.6714474961841,64552.2,6816672.0
Hungary,1992,3735.10582034276,81.0604298028867,58001.9,6800940.0
Hungary,1993,3873.98772279767,81.899853235155,58382.4,6780138.0
Hungary,1994,4173.37302405441,81.1319317636215,57784.3,6757831.0
Hungary,1995,4494.70762405948,81.6028171512384,57431.3,6735415.0
Hungary,1996,4525.03910312241,81.9531038009727,58454.9,6710863.0
Hungary,1997,4596.18262235195,81.8862088835375,56990.1,6684288.0
Hungary,1998,4744.21226429639,82.1691286167692,57353.3,6655715.0
Hungary,1999,4793.47852203763,81.7412151068611,57910.5,6623887.0
Hungary,2000,4624.28165670295,80.5389134842981,54633.3,6593735.0
Hungary,2001,5276.03318905496,80.9818366746925,56280.4,6588305.0
Hungary,2002,6655.33300865319,80.791825677513,55599.9,6611324.0
Hungary,2003,8419.43087098103,83.1371684473415,58186.9,6633742.0
Hungary,2004,10301.7033946743,81.8208390734872,56349.8,6660205.0
Hungary,2005,11223.3993032598,80.368227659364,55921.2,6694281.0
Hungary,2006,11489.5608654088,80.0627646359818,55457.5,6737243.0
Hungary,2007,13940.9092761999,78.9765498260311,53850.4,6779707.0
Hungary,2008,15772.3300839383,77.823726130605,53014.2,6820246.0
Hungary,2009,13077.305465178,74.1696086981975,47839.1,6861506.0
Hungary,2010,13217.5045951108,74.2719227963091,47880.5,6891116.0
Hungary,2011,14234.471576937,73.2938007635168,46907.3,6916190.0
Hungary,2012,12984.8365730133,71.786423651207,43427.2,6912310.0
Hungary,2013,13715.0703590361,69.5496374890108,40762.6,6920508.0
Hungary,2014,14294.2584180751,68.1924013959596,40625.2,6928924.0
Hungary,2015,12717.038597002,69.549793691078,43384.1,6939335.0
Ireland,1990,14031.3025675469,85.0618937955662,30961.5,2000470.0
Ireland,1991,14087.2074393708,85.4330087439129,31466.7,2017094.0
Ireland,1992,15714.3847487231,84.5597842481418,31505.4,2038731.0
Ireland,1993,14657.0615549805,86.1556245660276,31653.6,2056779.0
Ireland,1994,15902.9296755168,86.853993745412,32818.7,2072766.0
Ireland,1995,19158.4564773907,88.0559392508297,33448.2,2091287.0
Ireland,1996,20835.8977130847,89.4490411512999,34821.2,2116049.0
Ireland,1997,22551.1139134126,89.3031485484219,35972.5,2146414.0
Ireland,1998,24294.8547674007,90.0642815839642,38419.0,2178016.0
Ireland,1999,26338.1077543817,91.7990546884727,39973.3,2211944.0
Ireland,2000,26334.5672050501,92.5157191050349,42533.5,2250951.0
Ireland,2001,28282.409882073,92.5215919069171,44815.3,2296510.0
Ireland,2002,32705.4345565698,91.4591391780774,43929.8,2345367.0
Ireland,2003,41203.5295847568,92.0022630739466,44086.8,2394915.0
Ireland,2004,47754.2023194244,93.2769299330177,44687.6,2450379.0
Ireland,2005,50933.0216095589,90.915524156573,46650.5,2515791.0
Ireland,2006,54329.1618599624,90.9729911504884,47263.3,2595694.0
Ireland,2007,61396.417461176,90.9317823037878,46604.8,2680715.0
Ireland,2008,61353.1065629523,89.9243442673944,45911.3,2744952.0
Ireland,2009,52133.0906162544,88.8851233357875,40583.3,2782090.0
Ireland,2010,48663.6004439251,90.0030994269017,40347.7,2806411.0
Ireland,2011,52219.7057327581,88.322462252709,36488.1,2827835.0
Ireland,2012,48943.8206459561,86.8556446102903,37009.5,2849043.0
Ireland,2013,51496.9616850661,86.2779024708277,35688.2,2873286.0
Ireland,2014,55752.7649838131,84.4375871556249,35556.5,2903635.0
Ireland,2015,62179.2642662951,85.3428197664443,37087.2,2940510.0
Italy,1990,20825.7842228307,93.4381888314656,405262.0,37846480.0
Italy,1991,21956.5297707332,92.8953720752908,404074.1,37861339.0
Italy,1992,23243.4745277206,92.5812418928353,402274.3,37907512.0
Italy,1993,18738.7638969132,92.2702900571247,396927.9,37964793.0
Italy,1994,19337.6308996383,92.0879374489954,392285.5,38006634.0
Italy,1995,20664.5522701724,93.0246520668659,416415.0,38041344.0
Italy,1996,23081.6046757702,92.6146554090799,412153.5,38086153.0
Italy,1997,21829.3458226222,92.4434641764684,415517.3,38140443.0
Italy,1998,22318.1373007109,92.2858909543463,426372.2,38185563.0
Italy,1999,22005.0545405773,91.8413718480898,433010.6,38226137.0
Italy,2000,20137.5912217673,91.7300953931907,436296.6,38277624.0
Italy,2001,20500.9543995672,91.4034247883699,436571.4,38333314.0
Italy,2002,22376.2978989329,91.0358673382802,443473.1,38447500.0
Italy,2003,27526.3224609957,90.2161116960919,462197.8,38686985.0
Italy,2004,31317.2007943296,90.406242362097,472404.8,39006818.0
Italy,2005,32055.0920757503,89.8014461800991,473831.8,39267369.0
Italy,2006,33529.7266014361,89.1908787219636,466654.5,39454178.0
Italy,2007,37870.7475070969,88.1830431207349,459371.1,39722857.0
Italy,2008,40944.9124194678,86.8421531044015,444984.5,40056298.0
Italy,2009,37226.7571935402,84.8513256669208,397057.1,40308358.0
Italy,2010,36035.6449950691,84.6287740206212,405272.3,40502481.0
Italy,2011,38649.6394836789,84.4647972084689,396687.4,40641670.0
Italy,2012,35051.5212697703,82.2013557429068,376747.2,40894259.0
Italy,2013,35560.0814062288,79.9643345866816,346458.3,41548775.0
Italy,2014,35565.7213771496,78.5864226219386,327498.0,42109853.0
Italy,2015,30242.3861352184,79.9484547354947,337862.1,42247229.0
Latvia,1995,2329.57673252552,66.4251837827759,8996.82,1708476.0
Latvia,1996,2431.70899961616,65.2337584666889,9009.4,1686883.0
Latvia,1997,2683.2413681237,65.0848845359978,8528.6,1668936.0
Latvia,1998,2973.53484252681,64.9938205011516,8132.5,1649682.0
Latvia,1999,3151.57701817354,63.3295194364182,7548.9,1630787.0
Latvia,2000,3361.64086880275,63.3882903137833,6929.57,1611520.0
Latvia,2001,3578.00190041351,63.6710626741171,7357.2,1588107.0
Latvia,2002,4136.93329688951,63.4126031378961,7352.2,1567452.0
Latvia,2003,5145.19523190241,63.6340489300738,7593.2,1551233.0
Latvia,2004,6378.66652057115,62.9870675602083,7616.5,1536660.0
Latvia,2005,7594.90238431362,63.1815667225766,7715.0,1522383.0
Latvia,2006,9723.44690174779,64.8080120026488,8199.9,1507751.0
Latvia,2007,14113.5291277327,65.129696876696,8531.8,1494021.0
Latvia,2008,16467.1436879405,65.0876798208202,8105.9,1476965.0
Latvia,2009,12331.9285524089,61.1260633910045,7364.1,1452351.0
Latvia,2010,11420.9940032836,65.8499964166208,8518.1,1423002.0
Latvia,2011,13338.9622350852,62.8938992715436,7897.3,1397904.0
Latvia,2012,13847.3379393194,58.0418935861062,7570.7,1381242.0
Latvia,2013,15007.4918561719,58.9242124779904,7452.4,1367090.0
Latvia,2014,15742.3913381908,56.7174275733725,7282.3,1354815.0
Lithuania,1995,2167.79258211454,59.9704724974208,13745.8,2441841.0
Lithuania,1996,2327.43485695499,58.6173339513238,14239.8,2421184.0
Lithuania,1997,2830.27807089131,60.1721669657681,13924.1,2401277.0
Lithuania,1998,3166.66653264509,59.2524350230754,14706.6,2381814.0
Lithuania,1999,3113.17906019859,60.2676664866385,12247.2,2362861.0
Lithuania,2000,3293.22997867086,58.6737698267062,10515.9,2344199.0
Lithuania,2001,3525.79363185461,57.4437163767391,11155.5,2322637.0
Lithuania,2002,4141.59270180102,53.4532136853906,11223.2,2300933.0
Lithuania,2003,5499.42898911387,52.1590590386662,11232.7,2279211.0
Lithuania,2004,6700.32719189382,53.3631103036763,11915.0,2250685.0
Lithuania,2005,7854.76527867855,59.8802110943199,12829.2,2213967.0
Lithuania,2006,9230.70798102521,61.1454661770683,13019.7,2181225.0
Lithuania,2007,12285.4470537014,60.970620197516,13209.6,2157761.0
Lithuania,2008,14944.996652175,60.2506773202724,13066.4,2137953.0
Lithuania,2009,11820.7761591359,55.3710044945692,11692.1,2114156.0
Lithuania,2010,11987.508411647,74.2975094170234,12603.0,2067653.0
Lithuania,2011,14376.9478643932,73.8759517274449,11845.6,2020994.0
Lithuania,2012,14367.709424872,72.8931944548374,11925.8,1997745.0
Lithuania,2013,15729.6524666512,70.0223364446159,11331.1,1981238.0
Lithuania,2014,16551.018202078,67.9937494705635,10862.9,1967853.0
Luxembourg,1990,33465.478207919,89.1708525437079,11285.0,309096.0
Luxembourg,1991,35747.3377992066,89.306984358692,11753.4,313973.0
Luxembourg,1992,39570.8615665986,89.3265997808035,11435.5,319732.0
Luxembourg,1993,40066.7242518773,89.3420930461115,11645.3,325361.0
Luxembourg,1994,43933.235442736,87.9484145211863,10810.6,332341.0
Luxembourg,1995,51032.349635318,84.919847476134,8659.9,338722.0
Luxembourg,1996,50444.3591236175,85.6263127460934,8736.8,343082.0
Luxembourg,1997,46641.6408754876,84.2829711891204,8242.2,347217.0
Luxembourg,1998,47445.3810812051,82.718090058128,7565.5,352047.0
Luxembourg,1999,50872.4492684624,83.0131223527531,7920.3,359223.0
Luxembourg,2000,48659.5988753233,83.4434126190809,8556.7,367434.0
Luxembourg,2001,48440.1420151355,84.9834081781113,9118.5,374603.0
Luxembourg,2002,53005.7339209179,89.8491672731008,9818.3,380583.0
Luxembourg,2003,65689.3214536911,89.7010316967833,10241.6,387241.0
Luxembourg,2004,76544.9170868473,91.2583382980594,11659.8,394773.0
Luxembourg,2005,80988.1376230858,91.1689927259868,11912.9,402818.0
Luxembourg,2006,90788.8004876145,90.3341298418926,11717.2,411237.0
Luxembourg,2007,107475.320297978,88.0854839793523,11114.4,419557.0
Luxembourg,2008,120422.137934157,87.1163833581093,11022.5,429035.0
Luxembourg,2009,109419.746953106,88.7050358076445,10442.9,438935.0
Luxembourg,2010,110885.991378721,87.9574315110828,11029.1,448892.0
Luxembourg,2011,119025.057203467,87.0086371857559,10906.8,460842.0
Luxembourg,2012,112584.676270958,87.215620431476,10698.0,473864.0
Luxembourg,2013,120000.140729859,84.5060018141859,10173.3,486709.0
Luxembourg,2014,123678.702143275,83.331752670447,9643.2,500042.0
Luxembourg,2015,105462.012584423,80.562295207665,9133.4,513663.0
Malta,1990,7191.92360259617,100.0,2314.6,320102.0
Malta,1991,7558.27738257485,100.0,2210.6,329269.0
Malta,1992,8220.2455176794,100.0,2169.1,333102.0
Malta,1995,9171.061035149,100.0,2378.8,343247.0
Malta,1996,9438.55732745403,100.0,2324.3,346401.0
Malta,1997,9724.33796960323,100.0,2469.6,350223.0
Malta,1998,10273.4518124025,99.9998552304514,2374.5,353666.0
Malta,1999,10720.9058766396,100.0,2409.2,356901.0
Malta,2002,11289.8897447166,99.9674076094368,2318.4,367875.0
Malta,2003,13669.4972171661,99.9623332550123,2608.0,371319.0
Malta,2004,15197.056610121,99.9510403326363,2598.0,374812.0
Malta,2005,15888.1724565995,99.9403964487637,2626.4,378170.0
Malta,2006,16723.8842735356,99.9224662920404,2650.6,380114.0
Malta,2007,19485.8711529324,99.9101608326312,2715.6,381739.0
Malta,2008,22205.3567709304,99.891462471476,2724.3,384526.0
Malta,2009,21083.2770528363,99.8802715215794,2509.9,387733.0
Malta,2010,21798.9142935915,99.6724695817513,2586.6,389936.0
Malta,2011,23155.103527089,99.2384535750742,2573.1,391879.0
Malta,2012,22526.5370208632,99.0384089728755,2715.6,395713.0
Malta,2013,24769.5962287121,98.7575965879798,2371.5,401597.0
Malta,2014,26753.2733830814,97.7884616626645,2356.3,409992.0
Netherlands,1990,21290.8603827045,98.0449140583432,151520.7,10269295.0
Netherlands,1991,21732.2307621923,96.5459019040644,157266.8,10447740.0
Netherlands,1992,23904.037415058,96.8895722043557,156009.7,10662777.0
Netherlands,1993,23122.4107668645,97.6003263288708,160137.2,10871452.0
Netherlands,1994,24646.3143096269,97.8354497827228,159604.1,11069798.0
Netherlands,1995,29258.1343486211,95.46345923008,164106.4,11255548.0
Netherlands,1996,29006.8094454171,95.1642745713394,173623.4,11436659.0
Netherlands,1997,26700.5371335926,95.5003608137999,166310.9,11622597.0
Netherlands,1998,27885.8083823465,95.0143488909778,166734.4,11819675.0
Netherlands,1999,28272.6432492539,94.1536409853475,161446.1,12021931.0
Netherlands,2000,26214.498549887,93.8468325283201,162096.7,12229998.0
Netherlands,2001,26896.5481111196,94.1998959885808,167116.1,12488742.0
Netherlands,2002,29343.2449960602,93.9850559778198,167429.4,12775902.0
Netherlands,2003,35750.9746630269,94.3343519499004,170362.8,13035570.0
Netherlands,2004,40436.6182310407,94.0176796319096,172116.5,13271929.0
Netherlands,2005,41994.7135305232,93.0562366321199,167926.0,13485107.0
Netherlands,2006,44900.9381441374,92.7513898431783,163702.7,13671225.0
Netherlands,2007,51799.2085521047,92.7257793805142,164550.6,13848922.0
Netherlands,2008,57879.9437553916,92.3241738270123,165221.9,14044865.0
Netherlands,2009,52722.2130568997,92.8872625819348,160488.3,14263741.0
Netherlands,2010,50999.7451168879,93.6745002289704,171110.5,14477657.0
Netherlands,2011,54230.3129029852,92.1856100003504,158768.0,14669707.0
Netherlands,2012,50070.1416045904,91.2339380558199,157473.4,14842886.0
Netherlands,2013,52198.8975607454,91.5543679014014,157090.2,14987369.0
Netherlands,2014,52900.537415323,90.9218838570949,149793.4,15126226.0
Netherlands,2015,45193.4032187971,93.4610046096056,157376.0,15275237.0
Poland,1990,1731.2095094382,97.8068071331351,350214.6,23350476.0
Poland,1991,2235.54108862522,98.0506591262933,351624.9,23450653.0
Poland,1992,2459.02068468253,98.0460332436962,343368.4,23539562.0
Poland,1993,2497.13055936127,95.5867687512215,344016.4,23616843.0
Poland,1994,2874.83163555069,95.3384770732121,339752.2,23684074.0
Poland,1995,3686.84514580278,95.4555164607214,340003.8,23733222.0
Poland,1996,4147.46550145483,95.897046303025,355320.2,23768665.0
Poland,1997,4123.14567666725,95.8972109921562,344627.0,23801620.0
Poland,1998,4518.10822630174,96.108652339754,318414.1,23827143.0
Poland,1999,4398.07217426732,96.3184286367341,308978.1,23842562.0
Poland,2000,4501.47996121234,96.2198417670529,295774.4,23611695.0
Poland,2001,4991.24435799511,95.9808999446962,293627.4,23622394.0
Poland,2002,5207.129304207,95.870030437714,287320.3,23621395.0
Poland,2003,5701.63886301914,96.2477586646671,297730.8,23563051.0
Poland,2004,6681.30975087388,95.9787564750952,301854.0,23506503.0
Poland,2005,8021.54789037388,95.9939398872071,301353.0,23453429.0
Poland,2006,9035.53275810927,95.8203386425739,314093.0,23396235.0
Poland,2007,11254.3140875349,95.2120656020728,313375.4,23340838.0
Poland,2008,13995.7811598115,94.1138888361082,308325.3,23300939.0
Poland,2009,11525.9007370991,93.1540577854339,297260.3,23274004.0
Poland,2010,12504.2501856093,92.451207569259,313739.1,23165018.0
Poland,2011,13776.3883624327,92.1151412346365,310593.6,23134846.0
Poland,2012,13010.7555868425,90.9785187086931,303351.4,23086831.0
Poland,2013,13558.3411314221,91.1464064236081,298304.4,23025350.0
Poland,2014,14181.9486817352,90.0879642957879,285730.0,22960228.0
Poland,2015,12560.051419682,90.2913754356553,289077.4,22897449.0
Portugal,1990,7884.61798756332,80.4466774969022,41068.6,4783459.0
Portugal,1991,8958.9853330247,80.5966096236158,42767.7,4827626.0
Portugal,1992,10810.5665079626,83.5634560349129,46774.0,4889660.0
Portugal,1993,9534.6563637308,81.9616060814948,45792.8,4961312.0
Portugal,1994,9977.31990905771,80.8221098435795,47302.9,5040624.0
Portugal,1995,11781.3618502221,83.1781122931974,50693.2,5124278.0
Portugal,1996,12185.0914010629,80.5517744115177,48742.5,5210104.0
Portugal,1997,11575.5071124358,81.0222083646754,50931.6,5299934.0
Portugal,1998,12199.206385024,83.497365037044,55600.6,5393642.0
Portugal,1999,12475.2917701476,86.5072368145243,62207.6,5491367.0
Portugal,2000,11526.3720667968,84.0361685337448,61661.2,5597602.0
Portugal,2001,11734.7649743954,83.3853754008383,61383.6,5704057.0
Portugal,2002,12936.6928204482,85.2567327492204,65604.9,5800192.0
Portugal,2003,15797.7821340276,81.7734636585717,60523.6,5886957.0
Portugal,2004,18064.1580932987,82.7560909971743,62128.8,5966051.0
Portugal,2005,18780.12751241,84.1221274218628,65473.8,6041725.0
Portugal,2006,19839.4540499032,80.8164495069197,60448.0,6117343.0
Portugal,2007,22811.0564844365,79.2405175237019,58797.6,6193886.0
Portugal,2008,24949.0413566739,78.6365945255412,56844.4,6267228.0
Portugal,2009,23151.2154130712,78.0876569943485,56299.6,6337144.0
Portugal,2010,22520.6423124045,75.1255846467966,50937.3,6403809.0
Portugal,2011,23217.2954965207,75.6565408134185,49867.9,6457743.0
Portugal,2012,20563.7136012629,75.812420137191,48220.3,6494283.0
Portugal,2013,21653.1959752225,73.3496291275565,46555.2,6520333.0
Portugal,2014,22103.7009703321,72.8127262997581,45931.1,6546012.0
Portugal,2015,19250.1065376852,77.024122555839,49851.9,6578828.0
Romania,1990,1648.48522974542,96.1482908094579,172633.6,12347321.0
Romania,1991,1254.3124421298,94.9832293800542,142755.2,12404523.0
Romania,1992,1102.10378473246,94.8198193770298,126185.7,12360656.0
Romania,1993,1158.05632799712,94.6931386785522,117690.8,12309016.0
Romania,1994,1323.03237766927,94.4881075659474,115148.3,12256584.0
Romania,1995,1650.04922365201,93.1578578094773,120869.9,12197105.0
Romania,1996,1633.01064354117,90.9544950183411,124200.9,12127405.0
Romania,1997,1577.33656023974,85.9315874849063,113599.2,12058033.0
Romania,1998,1852.5549693339,85.2305912033859,99513.5,11998890.0
Romania,1999,1599.90622808339,84.3297836003278,84969.4,11945687.0
Romania,2000,1659.92904910528,84.8166027159963,89003.1,11895672.0
Romania,2001,1825.19299373184,86.5352964008196,95220.8,11697189.0
Romania,2002,2119.85509684554,86.7447472126657,93733.0,11469356.0
Romania,2003,2679.40626016154,86.8626792858195,98138.2,11415407.0
Romania,2004,3494.99056448955,84.4800892610131,95336.3,11378651.0
Romania,2005,4618.00350802913,83.8666846203507,94682.9,11336529.0
Romania,2006,5757.53127301178,85.0588612884279,99254.3,11297334.0
Romania,2007,8360.33775916596,83.179481360426,96728.6,11159030.0
Romania,2008,10435.2179803541,79.8431627738385,95409.1,11001524.0
Romania,2009,8548.04859012993,76.5949357642075,80699.2,10936933.0
Romania,2010,8397.80917311457,75.070951491373,77601.9,10898688.0
Romania,2011,9560.15942530942,77.6518382039965,84049.5,10871606.0
Romania,2012,8930.72991164974,76.4272009246288,81843.8,10826124.0
Romania,2013,9497.20647561211,73.4937634512981,72090.6,10778604.0
Romania,2014,10031.3421526698,72.5236945744128,71539.0,10730940.0
Slovak Republic,1990,2405.53516040785,81.6237966108879,54811.8,2993564.0
Slovak Republic,1991,2691.19565226261,80.7167149576298,47938.2,3011210.0
Slovak Republic,1992,2920.91754234186,80.8338536725447,46096.2,3008952.0
Slovak Republic,1993,3102.29685877712,78.566605609603,44319.9,3017265.0
Slovak Republic,1994,3771.35951578288,76.2231249975261,41702.0,3025916.0
Slovak Republic,1995,4819.12555470987,78.582783825001,42370.6,3031513.0
Slovak Republic,1996,5196.94037965932,78.2046421889636,42174.1,3034659.0
Slovak Republic,1997,5146.67107827084,78.1858271632225,42273.5,3037037.0
Slovak Republic,1998,5538.61646477184,78.480923314832,41403.5,3037825.0
Slovak Republic,1999,5645.58139584233,75.9436434771845,40660.1,3037635.0
Slovak Republic,2000,5426.62428119306,72.5158524953125,38072.2,3030239.0
Slovak Republic,2001,5722.1681828083,73.0781842934813,38577.0,3020933.0
Slovak Republic,2002,6564.69631373665,72.4412542108082,38065.4,3011770.0
Slovak Republic,2003,8731.93736824381,72.1810399144335,38331.2,3001728.0
Slovak Republic,2004,10691.4465495259,72.216145118193,37430.5,2993058.0
Slovak Republic,2005,11690.1134689407,72.1099316045025,38518.3,2985293.0
Slovak Republic,2006,13170.7849804675,70.8919626902223,37873.3,2977317.0
Slovak Republic,2007,16106.0604446695,70.9291378680345,37190.3,2970070.0
Slovak Republic,2008,18753.5849413816,70.3379735039533,37097.2,2964549.0
Slovak Republic,2009,16597.2084581361,70.0284387242571,33908.9,2960369.0
Slovak Republic,2010,16908.8479564876,70.2377733867821,35432.2,2948302.0
Slovak Republic,2011,18509.7402157541,68.5113631680676,34116.9,2937801.0
Slovak Republic,2012,17498.3539002594,66.8328684868671,32347.1,2935234.0
Slovak Republic,2013,18276.0095516546,66.424399738131,32920.4,2930811.0
Slovak Republic,2014,18719.9881409371,63.9460954273638,30438.1,2926070.0
Slovak Republic,2015,16390.8821748507,64.0914950988802,30753.7,2922832.0
Slovenia,1995,10730.4510136379,72.8755255740505,14470.0,1007313.0
Slovenia,1996,10815.1110457688,73.9624970371967,15290.0,1007220.0
Slovenia,1997,10454.9656390657,74.2847538372848,15725.6,1006383.0
Slovenia,1998,11175.7710286265,73.5053681526315,15503.1,1004706.0
Slovenia,1999,11452.7831245082,74.1653338509075,14910.0,1005959.0
Slovenia,2000,10201.3035366727,70.1382135081145,14541.7,1009459.0
Slovenia,2001,10479.7596309273,70.3938071478691,15380.1,1011568.0
Slovenia,2002,11777.1556578814,69.8624661685046,15524.6,1014358.0
Slovenia,2003,14849.0372415032,69.7464407862481,15413.0,1019460.0
Slovenia,2004,17233.1385611279,69.2959299153542,15699.6,1024627.0
Slovenia,2005,18098.9085440003,68.5714199530726,15916.5,1030904.0
Slovenia,2006,19672.9655554146,69.4799431983523,16293.7,1038715.0
Slovenia,2007,23817.8867320201,69.2804898676299,16283.4,1049080.0
Slovenia,2008,27595.5999653992,69.5073452374428,17360.1,1055309.0
Slovenia,2009,24792.1279805504,67.4233935026758,15509.2,1069460.0
Slovenia,2010,23532.4808545468,66.6792143564119,15777.2,1078743.0
Slovenia,2011,25128.0150431304,64.9352741596741,15700.8,1085605.0
Slovenia,2012,22641.805122503,65.0820189968618,15123.6,1092516.0
Slovenia,2013,23503.2824850255,63.7493163120476,14548.1,1098614.0
Slovenia,2014,24247.1733184083,59.6632066816783,13112.7,1104335.0
Slovenia,2015,20890.1664304173,61.114199486892,13139.7,1109788.0
Spain,1990,13804.8767869937,77.3864991358894,214950.6,29286916.0
Spain,1991,14811.9028194881,77.9523570058137,222099.7,29430524.0
Spain,1992,16112.1889152156,79.2541776717849,232369.6,29607126.0
Spain,1993,13339.908563675,77.6916953034198,218079.8,29793326.0
Spain,1994,13415.2870010456,78.5901868711291,228452.7,29967941.0
Spain,1995,15471.962716535,79.6009452088859,240567.3,30133075.0
Spain,1996,16109.0843985284,77.8535103442346,230113.2,30291556.0
Spain,1997,14730.7971752046,80.0612940474571,248603.1,30451227.0
Spain,1998,15394.3514628249,79.5260968143576,256215.5,30610090.0
Spain,1999,15720.6405016061,80.9759044088757,278300.5,30767125.0
Spain,2000,14749.6874248766,80.6349426879774,293314.3,30937864.0
Spain,2001,15369.0011599444,79.8499960208187,294786.8,31186430.0
Spain,2002,17106.686576658,81.4607128746587,312753.3,31708814.0
Spain,2003,21510.8362454011,80.8230230186446,318657.7,32390830.0
Spain,2004,24907.0008505856,81.8320256341566,335560.3,33059302.0
Spain,2005,26429.1509449319,83.4668123985147,350499.8,33727737.0
Spain,2006,28389.0785799873,82.5095887666763,341776.3,34408810.0
Spain,2007,32591.3503065871,83.1862164777901,354683.1,35159317.0
Spain,2008,35510.7222312701,81.8083158189895,324274.2,35833174.0
Spain,2009,32169.5028548583,79.7102129168535,288131.2,36260460.0
Spain,2010,30532.4805081656,76.00086331065,274140.6,36535850.0
Spain,2011,31677.9003083652,76.5000886869636,275470.1,36773882.0
Spain,2012,28322.9465923276,75.0081483991196,270280.4,36904876.0
Spain,2013,29077.1820557563,72.5513506266274,243794.9,36891840.0
Spain,2014,29513.6511800405,71.5311218481781,241979.9,36890017.0
Spain,2015,25754.36102944,72.9555461183378,257251.2,36971015.0
Sweden,1990,30593.6724447761,37.2949571708134,53346.2,7112392.0
Sweden,1991,31822.8038482367,35.5282196144098,54236.3,7170001.0
Sweden,1992,32800.9826867546,36.9083496988165,56745.9,7225787.0
Sweden,1993,24425.2849281118,36.8773353847276,56504.9,7281393.0
Sweden,1994,26083.6143874838,36.9024796082203,58488.8,7346937.0
Sweden,1995,30282.9639200066,36.8532278929887,58230.9,7399093.0
Sweden,1996,32998.9681608432,36.7164871066478,63647.4,7418835.0
Sweden,1997,30312.4875993103,35.6373688249448,57381.6,7425561.0
Sweden,1998,30596.5272048832,35.0473151953376,58363.4,7432163.0
Sweden,1999,30941.0793624668,34.8498122925348,57264.9,7440437.0
Sweden,2000,29624.9126748618,34.8291833726584,53277.5,7454878.0
Sweden,2001,27247.857734793,33.9878881209022,52497.3,7478923.0
Sweden,2002,29899.1952495081,37.4462496216707,54023.7,7508835.0
Sweden,2003,37321.7979047059,36.5218103202111,55202.7,7542470.0
Sweden,2004,42821.6731423358,34.8320103545523,53593.3,7577769.0
Sweden,2005,43437.0631164776,33.8115091740615,50082.6,7613645.0
Sweden,2006,46593.6021646111,33.4125841867698,48734.9,7666670.0
Sweden,2007,53700.0053363063,32.4524719515326,47054.3,7738188.0
Sweden,2008,56152.552340314,33.1126400594178,46023.3,7813274.0
Sweden,2009,46946.9602719954,31.9839953356471,42760.7,7894625.0
Sweden,2010,52869.0442891587,34.4232514038991,47985.5,7976659.0
Sweden,2011,60755.7595508465,34.2141870452598,44452.0,8059895.0
Sweden,2012,58037.8213192173,30.9991557787887,41996.6,8150488.0
Sweden,2013,61126.9431963979,30.0160156092433,40388.1,8250182.0
Sweden,2014,60020.3604576572,29.7747472651344,38993.0,8362604.0
Sweden,2015,51545.4836095322,25.1170961346531,39120.1,8481489.0
